tenant,item,question_x_id,x_plus_0,x_plus_x,x_minus_0,zero_minus_x,x_minus_x,x_into_x,x_into_0,zero_end_n1,zero_mid_n1,zero_end_quotient_no_zero_n1,zero_mid_quotient_no_zero_n1
Delhi,Addition|1D+1D sum upto 20|Fib||3|8,q_add_00122_z,0,0,0,0,0,0,0,0,0,0,0
Delhi,Addition|1D+1D sum upto 20|Fib||3|9,q_add_04197_z,0,0,0,0,0,0,0,0,0,0,0
Delhi,Addition|1D+1D sum upto 20|Fib||4|7,q_add_04193_z,0,0,0,0,0,0,0,0,0,0,0
Delhi,Addition|1D+1D sum upto 20|Fib||6|6,q_dlg1_add_80002_b,0,1,0,0,0,0,0,0,0,0,0
Delhi,Addition|1D+1D sum upto 20|Fib||6|8,q_add_04198_z,0,0,0,0,0,0,0,0,0,0,0
Delhi,Addition|1D+1D sum upto 20|Fib||7|7,q_add_00126_z,0,1,0,0,0,0,0,0,0,0,0
Delhi,Addition|1D+1D sum upto 20|Fib||7|9,q_add_04194_z,0,0,0,0,0,0,0,0,0,0,0
Delhi,Addition|1D+1D sum upto 20|Fib||8|5,q_dlg1_add_04195_b,0,0,0,0,0,0,0,0,0,0,0
Delhi,Addition|1D+1D sum upto 20|Fib||8|6,q_add_00123_z,0,0,0,0,0,0,0,0,0,0,0
Delhi,Addition|1D+1D sum upto 20|Fib||9|3,q_add_00125_z,0,0,0,0,0,0,0,0,0,0,0
Delhi,Addition|1D+1D sum upto 20|Fib||9|9,q_dlg1_add_04199_b,0,1,0,0,0,0,0,0,0,0,0
Delhi,Addition|1D+1D sum upto 9|Fib||0|6,q_add_04192_z,1,0,0,0,0,0,0,0,0,0,0
Delhi,Addition|1D+1D sum upto 9|Fib||0|8,q_add_00077_z,1,0,0,0,0,0,0,0,0,0,0
Delhi,Addition|1D+1D sum upto 9|Fib||1|4,q_add_04191_z,0,0,0,0,0,0,0,0,0,0,0
Delhi,Addition|1D+1D sum upto 9|Fib||2|5,q_add_00080_z,0,0,0,0,0,0,0,0,0,0,0
Delhi,Addition|1D+1D sum upto 9|Fib||2|7,q_dlg1_add_04188_b,0,0,0,0,0,0,0,0,0,0,0
Delhi,Addition|1D+1D sum upto 9|Fib||3|4,q_add_00076_z,0,0,0,0,0,0,0,0,0,0,0
Delhi,Addition|1D+1D sum upto 9|Fib||4|0,q_add_04190_z,1,0,0,0,0,0,0,0,0,0,0
Delhi,Addition|1D+1D sum upto 9|Fib||5|2,q_add_00078_z,0,0,0,0,0,0,0,0,0,0,0
Delhi,Addition|1D+1D sum upto 9|Fib||5|3,q_add_04189_z,0,0,0,0,0,0,0,0,0,0,0
Delhi,Addition|1D+1D sum upto 9|Fib||6|3,q_add_00081_z,0,0,0,0,0,0,0,0,0,0,0
Delhi,Addition|1D+1D sum upto 9|Fib||7|0,q_add_00079_z,1,0,0,0,0,0,0,0,0,0,0
Delhi,Addition|2-digit Addition with carry|Fib||17|69,q_addv2_0331_z,0,0,0,0,0,0,0,0,0,0,0
Delhi,Addition|2-digit Addition with carry|Fib||28|38,q_dlg2_addv2_0330,0,1,0,0,0,0,0,0,0,0,0
Delhi,Addition|2-digit Addition with carry|Fib||3|69,q_addv2_0333_z,0,0,0,0,0,0,0,0,0,0,0
Delhi,Addition|2-digit Addition with carry|Fib||49|25,q_addv2_0329_z,0,0,0,0,0,0,0,0,0,0,0
Delhi,Addition|2-digit Addition with carry|Fib||64|18,q_dlg2_addv2_0328,0,0,0,0,0,0,0,0,0,0,0
Delhi,Addition|2-digit Addition with carry|Fib||9|57,q_addv2_0334_z,0,0,0,0,0,0,0,0,0,0,0
Delhi,Addition|2-digit Addition without carry|Fib||14|2,q_addv2_0006_z,0,0,0,0,0,0,0,0,0,0,0
Delhi,Addition|2-digit Addition without carry|Fib||30|59,q_dlg2_addv2_0003,1,0,0,0,0,0,0,0,0,0,0
Delhi,Addition|2-digit Addition without carry|Fib||3|60,q_addv2_0007_z,1,0,0,0,0,0,0,0,0,0,0
Delhi,Addition|2-digit Addition without carry|Fib||64|35,q_addv2_0004_z,0,0,0,0,0,0,0,0,0,0,0
Delhi,Addition|2-digit Addition without carry|Fib||72|25,q_addv2_0005_z,0,0,0,0,0,0,0,0,0,0,0
Delhi,Addition|2D+1D sum up to 20|Fib||11|2,q_add_80003_z,0,0,0,0,0,0,0,0,0,0,0
Delhi,Addition|2D+1D sum up to 20|Fib||12|3,q_add_80004_z,0,0,0,0,0,0,0,0,0,0,0
Delhi,Addition|2D+1D sum up to 20|Fib||13|4,q_add_80005_z,0,0,0,0,0,0,0,0,0,0,0
Delhi,Addition|2D+1D sum up to 20|Fib||14|5,q_add_80006_z,0,0,0,0,0,0,0,0,0,0,0
Delhi,Addition|2D+1D sum up to 20|Fib||15|4,q_add_80007_z,0,0,0,0,0,0,0,0,0,0,0
Delhi,Addition|2D+1D sum up to 20|Fib||1|18,q_add_80010_z,0,0,0,0,0,0,0,0,0,0,0
Delhi,Addition|2D+1D sum up to 20|Fib||2|17,q_add_80009_z,0,0,0,0,0,0,0,0,0,0,0
Delhi,Addition|2D+1D sum up to 20|Fib||3|16,q_dlg1_add_80008_b,0,0,0,0,0,0,0,0,0,0,0
Delhi,Addition|2D+1D sum up to 20|Fib||6|13,q_add_80011_z,0,0,0,0,0,0,0,0,0,0,0
Delhi,Addition|2D+1D sum up to 20|Fib||8|12,q_add_80012_z,0,0,0,0,0,0,0,0,0,0,0
Delhi,Addition|3-digit Addition with carry|Fib||164|76,q_dlg3_add_04218_b,0,0,0,0,0,0,0,0,0,0,0
Delhi,Addition|3-digit Addition with carry|Fib||289|578,q_dlg3_add_80027_b,0,0,0,0,0,0,0,0,0,0,0
Delhi,Addition|3-digit Addition with carry|Fib||458|60,q_add_00865_z,1,0,0,0,0,0,0,0,0,0,0
Delhi,Addition|3-digit Addition with carry|Fib||468|58,q_add_80031_z,0,1,0,0,0,0,0,0,0,0,0
Delhi,Addition|3-digit Addition with carry|Fib||48|77,q_add_00863_z,0,0,0,0,0,0,0,0,0,0,0
Delhi,Addition|3-digit Addition with carry|Fib||528|259,q_add_80029_z,0,0,0,0,0,0,0,0,0,0,0
Delhi,Addition|3-digit Addition with carry|Fib||548|7,q_add_00868_z,0,0,0,0,0,0,0,0,0,0,0
Delhi,Addition|3-digit Addition with carry|Fib||58|60,q_add_00867_z,1,0,0,0,0,0,0,0,0,0,0
Delhi,Addition|3-digit Addition with carry|Fib||689|213,q_add_80030_z,0,0,0,0,0,0,0,0,0,0,0
Delhi,Addition|3-digit Addition with carry|Fib||6|187,q_dlg3_add_04214_b,0,0,0,0,0,0,0,0,0,0,0
Delhi,Addition|3-digit Addition with carry|Fib||725|109,q_add_04220_z,1,0,0,0,0,0,0,0,0,0,0
Delhi,Addition|3-digit Addition with carry|Fib||729|119,q_add_80028_z,0,1,0,0,0,0,0,0,0,0,0
Delhi,Addition|3-digit Addition with carry|Fib||745|245,q_add_00864_z,0,1,0,0,0,0,0,0,0,0,0
Delhi,Addition|3-digit Addition with carry|Fib||812|39,q_add_04217_z,0,0,0,0,0,0,0,0,0,0,0
Delhi,Addition|3-digit Addition with carry|Fib||89|78,q_add_04213_z,0,0,0,0,0,0,0,0,0,0,0
Delhi,Addition|3-digit Addition with carry|Fib||89|826,q_add_04219_z,0,0,0,0,0,0,0,0,0,0,0
Delhi,Addition|3-digit Addition with carry|Fib||94|9,q_add_00866_z,0,0,0,0,0,0,0,0,0,0,0
Delhi,Addition|3-digit Addition with carry|Fib||9|199,q_add_80032_z,0,1,0,0,0,0,0,0,0,0,0
Delhi,Addition|3-digit Addition with carry|Fib||9|99,q_add_04215_z,0,1,0,0,0,0,0,0,0,0,0
Delhi,Addition|3-digit Addition without carry|Fib||189|10,q_add_00788_z,1,0,0,0,0,0,0,0,0,0,0
Delhi,Addition|3-digit Addition without carry|Fib||201|292,q_add_04223_z,1,1,0,0,0,0,0,0,0,0,0
Delhi,Addition|3-digit Addition without carry|Fib||21|328,q_add_04216_z,0,1,0,0,0,0,0,0,0,0,0
Delhi,Addition|3-digit Addition without carry|Fib||21|348,q_add_80026_z,0,0,0,0,0,0,0,0,0,0,0
Delhi,Addition|3-digit Addition without carry|Fib||231|407,q_add_80025_z,1,0,0,0,0,0,0,0,0,0,0
Delhi,Addition|3-digit Addition without carry|Fib||300|500,q_add_04221_z,0,0,0,0,0,0,0,0,0,0,0
Delhi,Addition|3-digit Addition without carry|Fib||415|550,q_add_04222_z,1,0,0,0,0,0,0,0,0,0,0
Delhi,Addition|3-digit Addition without carry|Fib||415|553,q_dlg3_add_80024_b,0,0,0,0,0,0,0,0,0,0,0
Delhi,Addition|3-digit Addition without carry|Fib||732|230,q_add_00786_z,1,1,0,0,0,0,0,0,0,0,0
Delhi,Addition|3-digit Addition without carry|Fib||7|602,q_add_00787_z,0,0,0,0,0,0,0,0,0,0,0
Delhi,Addition|3-digit Addition without carry|Fib||900|9,q_add_04212_z,1,0,0,0,0,0,0,0,0,0,0
Delhi,Addition|4-digit Addition with carry|Fib||1462|7939,q_dlg4_add_80037_b,0,0,0,0,0,0,0,0,0,0,0
Delhi,Addition|4-digit Addition with carry|Fib||1543|490,q_add_01210_z,1,0,0,0,0,0,0,0,0,0,0
Delhi,Addition|4-digit Addition with carry|Fib||29|1509,q_add_01209_z,1,1,0,0,0,0,0,0,0,0,0
Delhi,Addition|4-digit Addition with carry|Fib||3549|4929,q_add_80036_z,0,1,0,0,0,0,0,0,0,0,0
Delhi,Addition|4-digit Addition with carry|Fib||3581|4909,q_add_04235_z,1,0,0,0,0,0,0,0,0,0,0
Delhi,Addition|4-digit Addition with carry|Fib||4568|794,q_add_80039_z,0,0,0,0,0,0,0,0,0,0,0
Delhi,Addition|4-digit Addition with carry|Fib||546|8732,q_add_80041_z,0,0,0,0,0,0,0,0,0,0,0
Delhi,Addition|4-digit Addition with carry|Fib||546|8736,q_add_04231_z,0,1,0,0,0,0,0,0,0,0,0
Delhi,Addition|4-digit Addition with carry|Fib||5738|2727,q_dlg4_add_04232_b,0,1,0,0,0,0,0,0,0,0,0
Delhi,Addition|4-digit Addition with carry|Fib||5|3495,q_add_04225_z,0,1,0,0,0,0,0,0,0,0,0
Delhi,Addition|4-digit Addition with carry|Fib||62|8887,q_add_04227_z,0,0,0,0,0,0,0,0,0,0,0
Delhi,Addition|4-digit Addition with carry|Fib||6634|2576,q_add_04233_z,0,0,0,0,0,0,0,0,0,0,0
Delhi,Addition|4-digit Addition with carry|Fib||6941|390,q_add_04230_z,1,0,0,0,0,0,0,0,0,0,0
Delhi,Addition|4-digit Addition with carry|Fib||6954|324,q_add_80040_z,0,1,0,0,0,0,0,0,0,0,0
Delhi,Addition|4-digit Addition with carry|Fib||7658|22,q_add_01207_z,0,0,0,0,0,0,0,0,0,0,0
Delhi,Addition|4-digit Addition with carry|Fib||7713|17,q_add_04226_z,0,1,0,0,0,0,0,0,0,0,0
Delhi,Addition|4-digit Addition with carry|Fib||7713|47,q_add_80038_z,0,0,0,0,0,0,0,0,0,0,0
Delhi,Addition|4-digit Addition with carry|Fib||7|1394,q_add_01208_z,0,0,0,0,0,0,0,0,0,0,0
Delhi,Addition|4-digit Addition with carry|Fib||7|3495,q_dlg4_add_80042_b,0,0,0,0,0,0,0,0,0,0,0
Delhi,Addition|4-digit Addition with carry|Fib||998|88,q_add_04224_z,0,1,0,0,0,0,0,0,0,0,0
Delhi,Addition|4-digit Addition without carry|Fib||1000|7000,q_add_01030_z,0,0,0,0,0,0,0,0,0,0,0
Delhi,Addition|4-digit Addition without carry|Fib||1260|2,q_add_01026_z,1,0,0,0,0,0,0,0,0,0,0
Delhi,Addition|4-digit Addition without carry|Fib||1543|2043,q_add_01206_z,1,1,0,0,0,0,0,0,0,0,0
Delhi,Addition|4-digit Addition without carry|Fib||2075|220,q_add_01205_z,1,0,0,0,0,0,0,0,0,0,0
Delhi,Addition|4-digit Addition without carry|Fib||22|3577,q_add_01032_z,0,0,0,0,0,0,0,0,0,0,0
Delhi,Addition|4-digit Addition without carry|Fib||281|4416,q_add_80035_z,0,0,0,0,0,0,0,0,0,0,0
Delhi,Addition|4-digit Addition without carry|Fib||401|1503,q_add_04229_z,0,0,0,0,0,0,0,0,0,0,0
Delhi,Addition|4-digit Addition without carry|Fib||41|1653,q_add_80034_z,0,0,0,0,0,0,0,0,0,0,0
Delhi,Addition|4-digit Addition without carry|Fib||4226|521,q_add_01029_z,0,1,0,0,0,0,0,0,0,0,0
Delhi,Addition|4-digit Addition without carry|Fib||5013|814,q_add_04228_z,1,1,0,0,0,0,0,0,0,0,0
Delhi,Addition|4-digit Addition without carry|Fib||5091|905,q_add_01031_z,1,0,0,0,0,0,0,0,0,0,0
Delhi,Addition|4-digit Addition without carry|Fib||5227|3361,q_add_01028_z,0,0,0,0,0,0,0,0,0,0,0
Delhi,Addition|4-digit Addition without carry|Fib||5283|704,q_add_80033_z,1,0,0,0,0,0,0,0,0,0,0
Delhi,Addition|4-digit Addition without carry|Fib||5443|1004,q_add_01025_z,1,0,0,0,0,0,0,0,0,0,0
Delhi,Addition|4-digit Addition without carry|Fib||6000|3350,q_dlg4_add_04234_b,1,0,0,0,0,0,0,0,0,0,0
Delhi,Addition|4-digit Addition without carry|Fib||6|3053,q_add_01033_z,0,0,0,0,0,0,0,0,0,0,0
Delhi,Addition|4-digit Addition without carry|Fib||8102|37,q_add_01027_z,1,0,0,0,0,0,0,0,0,0,0
Delhi,Addition|5-digit Addition with carry|Fib||13544|504,q_add_04241_z,1,1,0,0,0,0,0,0,0,0,0
Delhi,Addition|5-digit Addition with carry|Fib||13544|923,q_add_80049_z,0,0,0,0,0,0,0,0,0,0,0
Delhi,Addition|5-digit Addition with carry|Fib||13|78987,q_add_04240_z,0,0,0,0,0,0,0,0,0,0,0
Delhi,Addition|5-digit Addition with carry|Fib||16464|75897,q_dlg5_add_04247_b,0,0,0,0,0,0,0,0,0,0,0
Delhi,Addition|5-digit Addition with carry|Fib||356|51237,q_add_01477_z,0,0,0,0,0,0,0,0,0,0,0
Delhi,Addition|5-digit Addition with carry|Fib||3600|23500,q_add_01472_z,0,1,0,0,0,0,0,0,0,0,0
Delhi,Addition|5-digit Addition with carry|Fib||399|20222,q_add_01473_z,0,0,0,0,0,0,0,0,0,0,0
Delhi,Addition|5-digit Addition with carry|Fib||600|12600,q_add_01478_z,0,1,0,0,0,0,0,0,0,0,0
Delhi,Addition|5-digit Addition with carry|Fib||6275|20008,q_add_04242_z,1,0,0,0,0,0,0,0,0,0,0
Delhi,Addition|5-digit Addition with carry|Fib||6275|23218,q_dlg5_add_80050_b,0,1,0,0,0,0,0,0,0,0,0
Delhi,Addition|5-digit Addition with carry|Fib||67435|21326,q_add_01471_z,0,0,0,0,0,0,0,0,0,0,0
Delhi,Addition|5-digit Addition with carry|Fib||67567|13712,q_add_01474_z,0,0,0,0,0,0,0,0,0,0,0
Delhi,Addition|5-digit Addition with carry|Fib||68020|28281,q_add_04246_z,1,1,0,0,0,0,0,0,0,0,0
Delhi,Addition|5-digit Addition with carry|Fib||68324|27284,q_add_80048_z,0,1,0,0,0,0,0,0,0,0,0
Delhi,Addition|5-digit Addition with carry|Fib||69402|11901,q_add_04245_z,0,0,0,0,0,0,0,0,0,0,0
Delhi,Addition|5-digit Addition with carry|Fib||69472|11954,q_add_80047_z,0,0,0,0,0,0,0,0,0,0,0
Delhi,Addition|5-digit Addition with carry|Fib||7093|69711,q_add_04243_z,1,0,0,0,0,0,0,0,0,0,0
Delhi,Addition|5-digit Addition with carry|Fib||7193|69614,q_add_80051_z,0,0,0,0,0,0,0,0,0,0,0
Delhi,Addition|5-digit Addition with carry|Fib||79283|2333,q_add_04244_z,0,1,0,0,0,0,0,0,0,0,0
Delhi,Addition|5-digit Addition with carry|Fib||89654|620,q_add_01470_z,1,1,0,0,0,0,0,0,0,0,0
Delhi,Addition|5-digit Addition with carry|Fib||89999|1,q_add_04238_z,0,0,0,0,0,0,0,0,0,0,0
Delhi,Addition|5-digit Addition with carry|Fib||8|24563,q_dlg5_add_04237_b,0,0,0,0,0,0,0,0,0,0,0
Delhi,Addition|5-digit Addition with carry|Fib||8|41293,q_add_01475_z,0,0,0,0,0,0,0,0,0,0,0
Delhi,Addition|5-digit Addition without carry|Fib||1328|24561,q_add_80046_z,0,0,0,0,0,0,0,0,0,0,0
Delhi,Addition|5-digit Addition without carry|Fib||18631|1021,q_add_01279_z,1,1,0,0,0,0,0,0,0,0,0
Delhi,Addition|5-digit Addition without carry|Fib||30790|30107,q_add_01282_z,1,1,0,0,0,0,0,0,0,0,0
Delhi,Addition|5-digit Addition without carry|Fib||43562|4,q_add_04236_z,0,0,0,0,0,0,0,0,0,0,0
Delhi,Addition|5-digit Addition without carry|Fib||44514|13,q_add_01278_z,0,1,0,0,0,0,0,0,0,0,0
Delhi,Addition|5-digit Addition without carry|Fib||51404|2573,q_add_01281_z,1,0,0,0,0,0,0,0,0,0,0
Delhi,Addition|5-digit Addition without carry|Fib||52314|50,q_add_80044_z,1,0,0,0,0,0,0,0,0,0,0
Delhi,Addition|5-digit Addition without carry|Fib||52314|54,q_add_04239_z,0,1,0,0,0,0,0,0,0,0,0
Delhi,Addition|5-digit Addition without carry|Fib||525|53231,q_add_01280_z,0,0,0,0,0,0,0,0,0,0,0
Delhi,Addition|5-digit Addition without carry|Fib||56472|42326,q_dlg5_add_80043_b,0,0,0,0,0,0,0,0,0,0,0
Delhi,Addition|5-digit Addition without carry|Fib||6|85540,q_add_01277_z,1,0,0,0,0,0,0,0,0,0,0
Delhi,Addition|5-digit Addition without carry|Fib||76543|12356,q_add_01476_z,0,0,0,0,0,0,0,0,0,0,0
Delhi,Addition|5-digit Addition without carry|Fib||89078|621,q_add_80045_z,1,0,0,0,0,0,0,0,0,0,0
Delhi,Division|1D/2D by 1D without remainder|Fib||36|3|False,q_dlg3_div_00611_b,0,0,0,0,0,0,0,0,0,0,0
Delhi,Division|1D/2D by 1D without remainder|Fib||40|2|False,q_div_02235_z,0,0,0,0,0,0,0,1,0,0,0
Delhi,Division|1D/2D by 1D without remainder|Fib||48|4|False,q_div_80003_z,0,0,0,0,0,0,0,0,0,0,0
Delhi,Division|1D/2D by 1D without remainder|Fib||50|5|False,q_div_02236_z,0,0,0,0,0,0,0,1,0,0,0
Delhi,Division|1D/2D by 1D without remainder|Fib||60|5|False,q_div_00612_z,0,0,0,0,0,0,0,1,0,0,0
Delhi,Division|1D/2D by 1D without remainder|Fib||64|4|False,q_div_80007_z,0,0,0,0,0,0,0,0,0,0,0
Delhi,Division|1D/2D by 1D without remainder|Fib||70|5|False,q_div_02245_z,0,0,0,0,0,0,0,1,0,0,0
Delhi,Division|1D/2D by 1D without remainder|Fib||72|6|False,q_div_80006_z,0,0,0,0,0,0,0,0,0,0,0
Delhi,Division|1D/2D by 1D without remainder|Fib||75|3|False,q_div_00528_z,0,0,0,0,0,0,0,0,0,0,0
Delhi,Division|1D/2D by 1D without remainder|Fib||77|7|False,q_dlg3_div_80004_b,0,0,0,0,0,0,0,0,0,0,0
Delhi,Division|1D/2D by 1D without remainder|Fib||78|3|False,q_div_02242_z,0,0,0,0,0,0,0,0,0,0,0
Delhi,Division|1D/2D by 1D without remainder|Fib||80|2|False,q_div_02231_z,0,0,0,0,0,0,0,1,0,0,0
Delhi,Division|1D/2D by 1D without remainder|Fib||80|4|False,q_div_00468_z,0,0,0,0,0,0,0,1,0,0,0
Delhi,Division|1D/2D by 1D without remainder|Fib||84|7|False,q_div_02246_z,0,0,0,0,0,0,0,0,0,0,0
Delhi,Division|1D/2D by 1D without remainder|Fib||90|6|False,q_div_80005_z,0,0,0,0,0,0,0,1,0,0,0
Delhi,Division|1D/2D by 1D without remainder|Fib||90|9|False,q_div_02243_z,0,0,0,0,0,0,0,1,0,0,0
Delhi,Division|1D/2D by 1D without remainder|Fib||92|4|False,q_div_02244_z,0,0,0,0,0,0,0,0,0,0,0
Delhi,Division|1D/2D by 1D without remainder|Fib||96|3|False,q_div_02237_z,0,0,0,0,0,0,0,0,0,0,0
Delhi,Division|1D/2D by 1D without remainder|Fib||96|8|False,q_dlg3_div_80008_b,0,0,0,0,0,0,0,0,0,0,0
Delhi,Division|1D/2D/3D by 1D with remainder|Fib||289|7|True,q_div_02396_z,0,0,0,0,0,0,0,0,0,0,0
Delhi,Division|1D/2D/3D by 1D with remainder|Fib||301|3|True,q_div_02394_z,0,0,0,0,0,0,0,0,1,0,0
Delhi,Division|1D/2D/3D by 1D with remainder|Fib||313|6|True,q_div_02475_z,0,0,0,0,0,0,0,0,0,0,0
Delhi,Division|1D/2D/3D by 1D with remainder|Fib||321|2|True,q_div_01285_z,0,0,0,0,0,0,0,0,0,1,0
Delhi,Division|1D/2D/3D by 1D with remainder|Fib||329|2|True,q_div_80013_z,0,0,0,0,0,0,0,0,0,0,0
Delhi,Division|1D/2D/3D by 1D with remainder|Fib||400|3|True,q_dlg4_div_01281_b,0,0,0,0,0,0,0,1,1,0,0
Delhi,Division|1D/2D/3D by 1D with remainder|Fib||41|4|True,q_div_01276_z,0,0,0,0,0,0,0,0,0,1,0
Delhi,Division|1D/2D/3D by 1D with remainder|Fib||438|5|True,q_div_02399_z,0,0,0,0,0,0,0,0,0,0,0
Delhi,Division|1D/2D/3D by 1D with remainder|Fib||45|2|True,q_div_02472_z,0,0,0,0,0,0,0,0,0,0,0
Delhi,Division|1D/2D/3D by 1D with remainder|Fib||567|5|True,q_div_02395_z,0,0,0,0,0,0,0,0,0,0,0
Delhi,Division|1D/2D/3D by 1D with remainder|Fib||60|9|True,q_div_01277_z,0,0,0,0,0,0,0,1,0,0,0
Delhi,Division|1D/2D/3D by 1D with remainder|Fib||700|6|True,q_div_02398_z,0,0,0,0,0,0,0,1,1,0,0
Delhi,Division|1D/2D/3D by 1D with remainder|Fib||80|7|True,q_div_01278_z,0,0,0,0,0,0,0,1,0,0,0
Delhi,Division|1D/2D/3D by 1D with remainder|Fib||849|2|True,q_div_02474_z,0,0,0,0,0,0,0,0,0,0,0
Delhi,Division|1D/2D/3D by 1D with remainder|Fib||888|9|True,q_div_02476_z,0,0,0,0,0,0,0,0,0,0,0
Delhi,Division|1D/2D/3D by 1D with remainder|Fib||89|7|True,q_div_80012_z,0,0,0,0,0,0,0,0,0,0,0
Delhi,Division|1D/2D/3D by 1D with remainder|Fib||8|3|True,q_div_00948_z,0,0,0,0,0,0,0,0,0,0,0
Delhi,Division|1D/2D/3D by 1D with remainder|Fib||915|4|True,q_div_02397_z,0,0,0,0,0,0,0,0,0,0,0
Delhi,Division|1D/2D/3D by 1D with remainder|Fib||91|7|True,q_div_00571_z,0,0,0,0,0,0,0,0,0,0,0
Delhi,Division|1D/2D/3D by 1D with remainder|Fib||95|9|True,q_div_02483_z,0,0,0,0,0,0,0,0,0,1,0
Delhi,Division|1D/2D/3D by 1D with remainder|Fib||98|3|True,q_div_02473_z,0,0,0,0,0,0,0,0,0,0,0
Delhi,Division|2D/3D/4D/5D by 2D with and without remainder|Fib||1000|13|True,q_div_01770_z,0,0,0,0,0,0,0,1,1,0,0
Delhi,Division|2D/3D/4D/5D by 2D with and without remainder|Fib||1149|14|True,q_div_80030_z,0,0,0,0,0,0,0,0,0,0,0
Delhi,Division|2D/3D/4D/5D by 2D with and without remainder|Fib||120|13|True,q_div_02639_z,0,0,0,0,0,0,0,1,0,0,0
Delhi,Division|2D/3D/4D/5D by 2D with and without remainder|Fib||161|15|True,q_div_01767_z,0,0,0,0,0,0,0,0,0,1,0
Delhi,Division|2D/3D/4D/5D by 2D with and without remainder|Fib||169|15|True,q_div_80029_z,0,0,0,0,0,0,0,0,0,0,0
Delhi,Division|2D/3D/4D/5D by 2D with and without remainder|Fib||182|13|True,q_dlg5_div_80025_b,0,0,0,0,0,0,0,0,0,0,0
Delhi,Division|2D/3D/4D/5D by 2D with and without remainder|Fib||200|10|True,q_div_01766_z,0,0,0,0,0,0,0,1,1,0,0
Delhi,Division|2D/3D/4D/5D by 2D with and without remainder|Fib||28644|14|True,q_div_01773_z,0,0,0,0,0,0,0,0,0,0,1
Delhi,Division|2D/3D/4D/5D by 2D with and without remainder|Fib||40|13|True,q_div_01765_z,0,0,0,0,0,0,0,1,0,0,0
Delhi,Division|2D/3D/4D/5D by 2D with and without remainder|Fib||46|13|True,q_dlg5_div_80028_b,0,0,0,0,0,0,0,0,0,0,0
Delhi,Division|2D/3D/4D/5D by 2D with and without remainder|Fib||47520|11|True,q_div_80026_z,0,0,0,0,0,0,0,1,0,0,0
Delhi,Division|2D/3D/4D/5D by 2D with and without remainder|Fib||52523|15|True,q_div_02640_z,0,0,0,0,0,0,0,0,0,0,1
Delhi,Division|2D/3D/4D/5D by 2D with and without remainder|Fib||5322|14|True,q_div_01769_z,0,0,0,0,0,0,0,0,0,1,0
Delhi,Division|2D/3D/4D/5D by 2D with and without remainder|Fib||53717|15|True,q_dlg5_div_01774_b,0,0,0,0,0,0,0,0,0,0,0
Delhi,Division|2D/3D/4D/5D by 2D with and without remainder|Fib||5482|10|True,q_div_01768_z,0,0,0,0,0,0,0,0,0,0,0
Delhi,Division|2D/3D/4D/5D by 2D with and without remainder|Fib||85656|12|True,q_div_80027_z,0,0,0,0,0,0,0,0,0,0,0
Delhi,Division|2D/3D/4D/5D by 2D with and without remainder|Fib||9156|13|True,q_div_02637_z,0,0,0,0,0,0,0,0,0,0,1
Delhi,Division|2D/3D/4D/5D by 2D with and without remainder|Fib||9999|11|True,q_div_02641_z,0,0,0,0,0,0,0,0,0,0,1
Delhi,Division|3D by 1D without remainder|Fib||102|3|True,q_div_01280_z,0,0,0,0,0,0,0,0,1,0,0
Delhi,Division|3D by 1D without remainder|Fib||111|3|True,q_div_80010_z,0,0,0,0,0,0,0,0,0,0,0
Delhi,Division|3D by 1D without remainder|Fib||204|2|True,q_div_01279_z,0,0,0,0,0,0,0,0,1,0,0
Delhi,Division|3D by 1D without remainder|Fib||400|5|True,q_div_01282_z,0,0,0,0,0,0,0,1,1,0,0
Delhi,Division|3D by 1D without remainder|Fib||450|5|True,q_div_80009_z,0,0,0,0,0,0,0,1,0,0,0
Delhi,Division|3D by 1D without remainder|Fib||592|4|True,q_div_01283_z,0,0,0,0,0,0,0,0,0,0,0
Delhi,Division|3D by 1D without remainder|Fib||648|4|True,q_dlg4_div_01284_b,0,0,0,0,0,0,0,0,0,0,0
Delhi,Division|3D by 1D without remainder|Fib||675|5|True,q_div_02478_z,0,0,0,0,0,0,0,0,0,0,0
Delhi,Division|3D by 1D without remainder|Fib||756|9|False,q_div_02347_z,0,0,0,0,0,0,0,0,0,0,0
Delhi,Division|3D by 1D without remainder|Fib||791|7|False,q_div_02348_z,0,0,0,0,0,0,0,0,0,0,0
Delhi,Division|3D by 1D without remainder|Fib||832|8|True,q_div_01286_z,0,0,0,0,0,0,0,0,0,0,1
Delhi,Division|3D by 1D without remainder|Fib||896|8|True,q_div_80011_z,0,0,0,0,0,0,0,0,0,0,0
Delhi,Division|3D by 1D without remainder|Fib||917|7|False,q_div_02346_z,0,0,0,0,0,0,0,0,0,0,0
Delhi,Division|4D by 1D with and without remainder|Fib||1131|8|True,q_div_02480_z,0,0,0,0,0,0,0,0,0,0,0
Delhi,Division|4D by 1D with and without remainder|Fib||1213|3|True,q_div_01289_z,0,0,0,0,0,0,0,0,0,0,1
Delhi,Division|4D by 1D with and without remainder|Fib||1789|7|True,q_dlg4_div_01288_b,0,0,0,0,0,0,0,0,0,0,0
Delhi,Division|4D by 1D with and without remainder|Fib||2078|5|True,q_div_02477_z,0,0,0,0,0,0,0,0,1,0,0
Delhi,Division|4D by 1D with and without remainder|Fib||3747|9|True,q_dlg4_div_80021_b,0,0,0,0,0,0,0,0,0,0,0
Delhi,Division|4D by 1D with and without remainder|Fib||3850|7|True,q_div_02479_z,0,0,0,0,0,0,0,1,0,0,0
Delhi,Division|4D by 1D with and without remainder|Fib||4682|2|True,q_div_80014_z,0,0,0,0,0,0,0,0,0,0,0
Delhi,Division|4D by 1D with and without remainder|Fib||5649|3|True,q_div_80017_z,0,0,0,0,0,0,0,0,0,0,0
Delhi,Division|4D by 1D with and without remainder|Fib||6003|6|True,q_div_01287_z,0,0,0,0,0,0,0,0,1,0,0
Delhi,Division|4D by 1D with and without remainder|Fib||6144|3|True,q_div_02482_z,0,0,0,0,0,0,0,0,0,0,1
Delhi,Division|4D by 1D with and without remainder|Fib||6376|8|True,q_div_80016_z,0,0,0,0,0,0,0,0,0,0,0
Delhi,Division|4D by 1D with and without remainder|Fib||7004|6|True,q_dlg4_div_80019_b,0,0,0,0,0,0,0,0,1,0,0
Delhi,Division|4D by 1D with and without remainder|Fib||7296|6|True,q_div_02481_z,0,0,0,0,0,0,0,0,0,0,0
Delhi,Division|4D by 1D with and without remainder|Fib||8532|7|True,q_div_80020_z,0,0,0,0,0,0,0,0,0,0,0
Delhi,Division|4D by 1D with and without remainder|Fib||8570|5|True,q_div_80018_z,0,0,0,0,0,0,0,1,0,0,0
Delhi,Division|4D by 1D with and without remainder|Fib||9996|4|True,q_div_80015_z,0,0,0,0,0,0,0,0,0,0,0
Delhi,Division|5D by 1D with and without remainder|Fib||11465|6|True,q_div_02535_z,0,0,0,0,0,0,0,0,0,1,0
Delhi,Division|5D by 1D with and without remainder|Fib||11935|5|True,q_div_02536_z,0,0,0,0,0,0,0,0,0,0,0
Delhi,Division|5D by 1D with and without remainder|Fib||15428|9|True,q_div_02642_z,0,0,0,0,0,0,0,0,0,0,0
Delhi,Division|5D by 1D with and without remainder|Fib||28462|2|True,q_div_80022_z,0,0,0,0,0,0,0,0,0,0,0
Delhi,Division|5D by 1D with and without remainder|Fib||50400|6|True,q_div_02638_z,0,0,0,0,0,0,0,1,1,0,0
Delhi,Division|5D by 1D with and without remainder|Fib||64296|6|True,q_div_01771_z,0,0,0,0,0,0,0,0,0,0,1
Delhi,Division|5D by 1D with and without remainder|Fib||76540|8|True,q_div_80023_z,0,0,0,0,0,0,0,1,0,0,0
Delhi,Division|5D by 1D with and without remainder|Fib||78309|7|True,q_div_02537_z,0,0,0,0,0,0,0,0,1,0,0
Delhi,Division|5D by 1D with and without remainder|Fib||83818|9|True,q_dlg5_div_80024_b,0,0,0,0,0,0,0,0,0,0,0
Delhi,Division|5D by 1D with and without remainder|Fib||94721|7|True,q_div_01772_z,0,0,0,0,0,0,0,0,0,0,0
Delhi,Division|Division using Distribution|Fib||10|2|False,q_div_00100_z,0,0,0,0,0,0,0,1,0,0,0
Delhi,Division|Division using Distribution|Fib||10|5|False,q_dlg2_div_00086_b,0,0,0,0,0,0,0,1,0,0,0
Delhi,Division|Division using Distribution|Fib||12|3|False,q_dlg2_div_00085_b,0,0,0,0,0,0,0,0,0,0,0
Delhi,Division|Division using Distribution|Fib||12|4|False,q_div_00104_z,0,0,0,0,0,0,0,0,0,0,0
Delhi,Division|Division using Distribution|Fib||15|3|False,q_div_02034_z,0,0,0,0,0,0,0,0,0,0,0
Delhi,Division|Division using Distribution|Fib||15|5|False,q_div_02032_z,0,0,0,0,0,0,0,0,0,0,0
Delhi,Division|Division using Distribution|Fib||16|4|False,q_div_02033_z,0,0,0,0,0,0,0,0,0,0,0
Delhi,Division|Division using Distribution|Fib||2|2|False,q_dlg2_div_00073_b,0,0,0,0,0,0,0,0,0,0,0
Delhi,Division|Division using Distribution|Fib||5|5|False,q_div_00072_z,0,0,0,0,0,0,0,0,0,0,0
Delhi,Division|Division using Distribution|Fib||6|2|False,q_div_00050_z,0,0,0,0,0,0,0,0,0,0,0
Delhi,Division|Division using Distribution|Fib||6|3|False,q_div_00074_z,0,0,0,0,0,0,0,0,0,0,0
Delhi,Division|Division using Distribution|Fib||8|2|False,q_div_02031_z,0,0,0,0,0,0,0,0,0,0,0
Delhi,Division|Division using Distribution|Fib||8|4|False,q_dlg2_div_00047_b,0,0,0,0,0,0,0,0,0,0,0
Delhi,Division|Division using Distribution|Fib||9|3|False,q_div_00049_z,0,0,0,0,0,0,0,0,0,0,0
Delhi,Division|Relationship between Multiplication and Division|Fib||14|7|False,q_div_02081_z,0,0,0,0,0,0,0,0,0,0,0
Delhi,Division|Relationship between Multiplication and Division|Fib||16|8|False,q_div_02084_z,0,0,0,0,0,0,0,0,0,0,0
Delhi,Division|Relationship between Multiplication and Division|Fib||18|6|False,q_div_00242_z,0,0,0,0,0,0,0,0,0,0,0
Delhi,Division|Relationship between Multiplication and Division|Fib||18|9|False,q_div_02082_z,0,0,0,0,0,0,0,0,0,0,0
Delhi,Division|Relationship between Multiplication and Division|Fib||27|9|False,q_div_02085_z,0,0,0,0,0,0,0,0,0,0,0
Delhi,Division|Relationship between Multiplication and Division|Fib||28|7|False,q_div_02086_z,0,0,0,0,0,0,0,0,0,0,0
Delhi,Division|Relationship between Multiplication and Division|Fib||32|8|False,q_div_02088_z,0,0,0,0,0,0,0,0,0,0,0
Delhi,Division|Relationship between Multiplication and Division|Fib||40|8|False,q_dlg3_div_80002_b,0,0,0,0,0,0,0,1,0,0,0
Delhi,Division|Relationship between Multiplication and Division|Fib||42|7|False,q_div_02083_z,0,0,0,0,0,0,0,0,0,0,0
Delhi,Division|Relationship between Multiplication and Division|Fib||48|8|False,q_div_02087_z,0,0,0,0,0,0,0,0,0,0,0
Delhi,Division|Relationship between Multiplication and Division|Fib||4|2|False,q_div_00387_z,0,0,0,0,0,0,0,0,0,0,0
Delhi,Division|Relationship between Multiplication and Division|Fib||5|1|False,q_div_00274_z,0,0,0,0,0,0,0,0,0,0,0
Delhi,Division|Relationship between Multiplication and Division|Fib||7|7|False,q_div_00279_z,0,0,0,0,0,0,0,0,0,0,0
Delhi,Multiplication|2D x 1D|Fib||12|4,q_mul_00824_z,0,0,0,0,0,0,0,0,0,0,0
Delhi,Multiplication|2D x 1D|Fib||23|9,q_mul_0341_z,0,0,0,0,0,0,0,0,0,0,0
Delhi,Multiplication|2D x 1D|Fib||25|3,q_dlg3_mul_01083_b,0,0,0,0,0,0,0,0,0,0,0
Delhi,Multiplication|2D x 1D|Fib||33|6,q_mul_0248_z,0,0,0,0,0,0,0,0,0,0,0
Delhi,Multiplication|2D x 1D|Fib||34|2,q_mul_80012_z,0,0,0,0,0,0,0,0,0,0,0
Delhi,Multiplication|2D x 1D|Fib||34|5,q_mul_0243_z,0,0,0,0,0,0,0,0,0,0,0
Delhi,Multiplication|2D x 1D|Fib||34|8,q_mul_0241_z,0,0,0,0,0,0,0,0,0,0,0
Delhi,Multiplication|2D x 1D|Fib||40|8,q_mul_00902_z,0,0,0,0,0,0,1,0,0,0,0
Delhi,Multiplication|2D x 1D|Fib||42|5,q_mul_0239_z,0,0,0,0,0,0,0,0,0,0,0
Delhi,Multiplication|2D x 1D|Fib||46|6,q_mul_0245_z,0,0,0,0,0,1,0,0,0,0,0
Delhi,Multiplication|2D x 1D|Fib||53|5,q_mul_0240_z,0,0,0,0,0,1,0,0,0,0,0
Delhi,Multiplication|2D x 1D|Fib||63|3,q_mul_0247_z,0,0,0,0,0,1,0,0,0,0,0
Delhi,Multiplication|2D x 1D|Fib||74|2,q_mul_0339_z,0,0,0,0,0,0,0,0,0,0,0
Delhi,Multiplication|2D x 1D|Fib||83|3,q_mul_0249_z,0,0,0,0,0,1,0,0,0,0,0
Delhi,Multiplication|2D x 1D|Fib||83|9,q_mul_0246_z,0,0,0,0,0,0,0,0,0,0,0
Delhi,Multiplication|2D x 1D|Fib||93|4,q_mul_0244_z,0,0,0,0,0,0,0,0,0,0,0
Delhi,Multiplication|2D x 1D|Fib||93|6,q_mul_0242_z,0,0,0,0,0,0,0,0,0,0,0
Delhi,Multiplication|2D x 1D|Fib||99|9,q_mul_01084_z,0,0,0,0,0,1,0,0,0,0,0
Delhi,Multiplication|2D x 2D|Fib||15|30,q_mul_0344_z,0,0,0,0,0,0,1,0,0,0,0
Delhi,Multiplication|2D x 2D|Fib||19|17,q_mul_0338_z,0,0,0,0,0,0,0,0,0,0,0
Delhi,Multiplication|2D x 2D|Fib||21|37,q_mul_0347_z,0,0,0,0,0,0,0,0,0,0,0
Delhi,Multiplication|2D x 2D|Fib||23|32,q_dlg3_mul_80013_b,0,0,0,0,0,1,0,0,0,0,0
Delhi,Multiplication|2D x 2D|Fib||23|33,q_mul_0337_z,0,0,0,0,0,1,0,0,0,0,0
Delhi,Multiplication|2D x 2D|Fib||24|13,q_mul_80015_z,0,0,0,0,0,0,0,0,0,0,0
Delhi,Multiplication|2D x 2D|Fib||24|30,q_mul_0349_z,0,0,0,0,0,0,1,0,0,0,0
Delhi,Multiplication|2D x 2D|Fib||28|12,q_mul_0348_z,0,0,0,0,0,1,0,0,0,0,0
Delhi,Multiplication|2D x 2D|Fib||28|15,q_mul_01088_z,0,0,0,0,0,0,0,0,0,0,0
Delhi,Multiplication|2D x 2D|Fib||30|20,q_dlg3_mul_01085_b,0,0,0,0,0,0,1,0,0,0,0
Delhi,Multiplication|2D x 2D|Fib||31|12,q_mul_01087_z,0,0,0,0,0,0,0,0,0,0,0
Delhi,Multiplication|2D x 2D|Fib||37|23,q_dlg3_mul_00537_b,0,0,0,0,0,1,0,0,0,0,0
Delhi,Multiplication|2D x 2D|Fib||42|21,q_mul_80014_z,0,0,0,0,0,1,0,0,0,0,0
Delhi,Multiplication|2D x 2D|Fib||43|12,q_mul_0346_z,0,0,0,0,0,0,0,0,0,0,0
Delhi,Multiplication|2D x 2D|Fib||43|16,q_mul_0343_z,0,0,0,0,0,0,0,0,0,0,0
Delhi,Multiplication|2D x 2D|Fib||50|12,q_mul_0340_z,0,0,0,0,0,0,1,0,0,0,0
Delhi,Multiplication|2D x 2D|Fib||50|17,q_mul_01086_z,0,0,0,0,0,0,1,0,0,0,0
Delhi,Multiplication|2D x 2D|Fib||54|18,q_mul_80016_z,0,0,0,0,0,0,0,0,0,0,0
Delhi,Multiplication|2D x 2D|Fib||56|13,q_mul_0345_z,0,0,0,0,0,0,0,0,0,0,0
Delhi,Multiplication|2D x 2D|Fib||65|13,q_mul_01089_z,0,0,0,0,0,0,0,0,0,0,0
Delhi,Multiplication|3D x 1D|Fib||100|3,q_mul_01170_z,0,0,0,0,0,0,1,0,0,0,0
Delhi,Multiplication|3D x 1D|Fib||126|8,q_mul_0500_z,0,0,0,0,0,0,0,0,0,0,0
Delhi,Multiplication|3D x 1D|Fib||207|6,q_mul_0377_z,0,0,0,0,0,0,1,0,0,0,0
Delhi,Multiplication|3D x 1D|Fib||216|5,q_mul_0376_z,0,0,0,0,0,0,0,0,0,0,0
Delhi,Multiplication|3D x 1D|Fib||243|2,q_mul_80017_z,0,0,0,0,0,1,0,0,0,0,0
Delhi,Multiplication|3D x 1D|Fib||274|4,q_mul_0379_z,0,0,0,0,0,1,0,0,0,0,0
Delhi,Multiplication|3D x 1D|Fib||304|7,q_mul_0378_z,0,0,0,0,0,0,1,0,0,0,0
Delhi,Multiplication|3D x 1D|Fib||321|4,q_mul_00329_z,0,0,0,0,0,0,0,0,0,0,0
Delhi,Multiplication|3D x 1D|Fib||392|5,q_mul_0381_z,0,0,0,0,0,0,0,0,0,0,0
Delhi,Multiplication|3D x 1D|Fib||503|4,q_mul_0382_z,0,0,0,0,0,0,1,0,0,0,0
Delhi,Multiplication|3D x 1D|Fib||508|3,q_mul_01535_z,0,0,0,0,0,0,1,0,0,0,0
Delhi,Multiplication|3D x 1D|Fib||569|7,q_dlg4_mul_80018_b,0,0,0,0,0,0,0,0,0,0,0
Delhi,Multiplication|3D x 1D|Fib||643|5,q_mul_0380_z,0,0,0,0,0,0,0,0,0,0,0
Delhi,Multiplication|3D x 2D|Fib||126|19,q_mul_0508_z,0,0,0,0,0,0,0,0,0,0,0
Delhi,Multiplication|3D x 2D|Fib||134|23,q_mul_0503_z,0,0,0,0,0,1,0,0,0,0,0
Delhi,Multiplication|3D x 2D|Fib||143|16,q_mul_0499_z,0,0,0,0,0,0,0,0,0,0,0
Delhi,Multiplication|3D x 2D|Fib||154|24,q_mul_0504_z,0,0,0,0,0,1,0,0,0,0,0
Delhi,Multiplication|3D x 2D|Fib||156|13,q_mul_0502_z,0,0,0,0,0,0,0,0,0,0,0
Delhi,Multiplication|3D x 2D|Fib||157|16,q_mul_0505_z,0,0,0,0,0,0,0,0,0,0,0
Delhi,Multiplication|3D x 2D|Fib||169|37,q_mul_80024_z,0,0,0,0,0,0,0,0,0,0,0
Delhi,Multiplication|3D x 2D|Fib||209|35,q_mul_80021_z,0,0,0,0,0,0,1,0,0,0,0
Delhi,Multiplication|3D x 2D|Fib||213|32,q_dlg4_mul_80019_b,0,0,0,0,0,1,0,0,0,0,0
Delhi,Multiplication|3D x 2D|Fib||216|34,q_mul_80022_z,0,0,0,0,0,0,0,0,0,0,0
Delhi,Multiplication|3D x 2D|Fib||216|39,q_mul_0507_z,0,0,0,0,0,0,0,0,0,0,0
Delhi,Multiplication|3D x 2D|Fib||230|20,q_dlg4_mul_01536_b,0,0,0,0,0,1,1,0,0,0,0
Delhi,Multiplication|3D x 2D|Fib||297|28,q_dlg4_mul_80025_b,0,0,0,0,0,1,0,0,0,0,0
Delhi,Multiplication|3D x 2D|Fib||302|31,q_mul_80020_z,0,0,0,0,0,1,1,0,0,0,0
Delhi,Multiplication|3D x 2D|Fib||309|30,q_mul_0506_z,0,0,0,0,0,1,1,0,0,0,0
Delhi,Multiplication|3D x 2D|Fib||324|25,q_mul_0501_z,0,0,0,0,0,1,0,0,0,0,0
Delhi,Multiplication|3D x 2D|Fib||324|26,q_mul_80023_z,0,0,0,0,0,1,0,0,0,0,0
Delhi,Multiplication|3D x 2D|Fib||393|19,q_mul_01537_z,0,0,0,0,0,1,0,0,0,0,0
Delhi,Multiplication|3D x 2D|Fib||423|12,q_mul_01366_z,0,0,0,0,0,1,0,0,0,0,0
Delhi,Multiplication|3D x 2D|Fib||69|37,q_mul_01534_z,0,0,0,0,0,0,0,0,0,0,0
Delhi,Multiplication|3D x 2D|Fib||91|62,q_mul_01533_z,0,0,0,0,0,0,0,0,0,0,0
Delhi,Multiplication|3D x 3D|Fib||153|306,q_mul_0661_z,0,0,0,0,0,1,1,0,0,0,0
Delhi,Multiplication|3D x 3D|Fib||230|201,q_mul_80033_z,0,0,0,0,0,1,1,0,0,0,0
Delhi,Multiplication|3D x 3D|Fib||232|235,q_mul_0662_z,0,0,0,0,0,1,0,0,0,0,0
Delhi,Multiplication|3D x 3D|Fib||249|348,q_mul_80038_z,0,0,0,0,0,1,0,0,0,0,0
Delhi,Multiplication|3D x 3D|Fib||278|345,q_mul_80037_z,0,0,0,0,0,0,0,0,0,0,0
Delhi,Multiplication|3D x 3D|Fib||312|231,q_dlg5_mul_80034_b,0,0,0,0,0,1,0,0,0,0,0
Delhi,Multiplication|3D x 3D|Fib||334|285,q_mul_02010_z,0,0,0,0,0,0,0,0,0,0,0
Delhi,Multiplication|3D x 3D|Fib||353|235,q_mul_0667_z,0,0,0,0,0,1,0,0,0,0,0
Delhi,Multiplication|3D x 3D|Fib||376|264,q_dlg5_mul_80039_b,0,0,0,0,0,1,0,0,0,0,0
Delhi,Multiplication|3D x 3D|Fib||456|142,q_mul_80035_z,0,0,0,0,0,1,0,0,0,0,0
Delhi,Multiplication|3D x 3D|Fib||487|205,q_mul_80036_z,0,0,0,0,0,0,1,0,0,0,0
Delhi,Multiplication|3D x 3D|Fib||748|111,q_mul_02009_z,0,0,0,0,0,0,0,0,0,0,0
Delhi,Multiplication|3D x 3D|Fib||842|100,q_dlg5_mul_02008_b,0,0,0,0,0,0,1,0,0,0,0
Delhi,Multiplication|4D x 2D|Fib||1238|18,q_mul_0666_z,0,0,0,0,0,1,0,0,0,0,0
Delhi,Multiplication|4D x 2D|Fib||1748|56,q_dlg5_mul_80032_b,0,0,0,0,0,0,0,0,0,0,0
Delhi,Multiplication|4D x 2D|Fib||2012|23,q_mul_80029_z,0,0,0,0,0,1,1,0,0,0,0
Delhi,Multiplication|4D x 2D|Fib||2343|24,q_mul_0663_z,0,0,0,0,0,1,0,0,0,0,0
Delhi,Multiplication|4D x 2D|Fib||238|18,q_mul_0664_z,0,0,0,0,0,1,0,0,0,0,0
Delhi,Multiplication|4D x 2D|Fib||2940|14,q_mul_02006_z,0,0,0,0,0,1,1,0,0,0,0
Delhi,Multiplication|4D x 2D|Fib||2942|14,q_mul_80031_z,0,0,0,0,0,1,0,0,0,0,0
Delhi,Multiplication|4D x 2D|Fib||3004|23,q_mul_0613_z,0,0,0,0,0,1,1,0,0,0,0
Delhi,Multiplication|4D x 2D|Fib||3045|13,q_mul_0615_z,0,0,0,0,0,1,1,0,0,0,0
Delhi,Multiplication|4D x 2D|Fib||3205|19,q_mul_0614_z,0,0,0,0,0,0,1,0,0,0,0
Delhi,Multiplication|4D x 2D|Fib||3243|25,q_mul_0660_z,0,0,0,0,0,1,0,0,0,0,0
Delhi,Multiplication|4D x 2D|Fib||3432|20,q_mul_80030_z,0,0,0,0,0,1,1,0,0,0,0
Delhi,Multiplication|4D x 2D|Fib||3942|23,q_mul_02007_z,0,0,0,0,0,1,0,0,0,0,0
Delhi,Multiplication|4D x 2D|Fib||999|99,q_mul_02003_z,0,0,0,0,0,1,0,0,0,0,0
Delhi,Multiplication|4D/5D x 1D|Fib||10009|8,q_mul_0569_z,0,0,0,0,0,0,1,0,0,0,0
Delhi,Multiplication|4D/5D x 1D|Fib||10056|7,q_mul_0566_z,0,0,0,0,0,0,1,0,0,0,0
Delhi,Multiplication|4D/5D x 1D|Fib||1005|6,q_mul_0565_z,0,0,0,0,0,0,1,0,0,0,0
Delhi,Multiplication|4D/5D x 1D|Fib||10674|6,q_mul_0568_z,0,0,0,0,0,1,1,0,0,0,0
Delhi,Multiplication|4D/5D x 1D|Fib||1087|7,q_mul_0564_z,0,0,0,0,0,1,1,0,0,0,0
Delhi,Multiplication|4D/5D x 1D|Fib||12343|6,q_mul_0665_z,0,0,0,0,0,0,0,0,0,0,0
Delhi,Multiplication|4D/5D x 1D|Fib||14004|5,q_mul_0567_z,0,0,0,0,0,0,1,0,0,0,0
Delhi,Multiplication|4D/5D x 1D|Fib||2001|4,q_mul_80026_z,0,0,0,0,0,0,1,0,0,0,0
Delhi,Multiplication|4D/5D x 1D|Fib||26578|3,q_mul_80028_z,0,0,0,0,0,0,0,0,0,0,0
Delhi,Multiplication|4D/5D x 1D|Fib||30986|2,q_mul_80027_z,0,0,0,0,0,0,1,0,0,0,0
Delhi,Multiplication|4D/5D x 1D|Fib||43142|2,q_mul_02005_z,0,0,0,0,0,1,0,0,0,0,0
Delhi,Multiplication|4D/5D x 1D|Fib||7452|5,q_dlg5_mul_02004_b,0,0,0,0,0,1,0,0,0,0,0
Delhi,Multiplication|Repeated addition|Fib||2|2,q_mul_00192_z,0,0,0,0,0,1,0,0,0,0,0
Delhi,Multiplication|Repeated addition|Fib||4|4,q_mul_0030_z,0,0,0,0,0,1,0,0,0,0,0
Delhi,Multiplication|Repeated addition|Fib||4|8,q_mul_0031_z,0,0,0,0,0,0,0,0,0,0,0
Delhi,Multiplication|Repeated addition|Fib||5|6,q_mul_00164_z,0,0,0,0,0,0,0,0,0,0,0
Delhi,Multiplication|Repeated addition|Fib||5|9,q_mul_00169_z,0,0,0,0,0,0,0,0,0,0,0
Delhi,Multiplication|Repeated addition|Mcq|2 + 2 + 2 + 2 + 2|0|0,q_dlg2_mul_80001_b,0,0,0,0,0,0,0,0,0,0,0
Delhi,Multiplication|Repeated addition|Mcq|3 + 3 + 3 + 3 + 3 + 3|0|0,q_mul_80002_z,0,0,0,0,0,0,0,0,0,0,0
Delhi,Multiplication|Repeated addition|Mcq|4 + 4 + 4 + 4 + 4|0|0,q_mul_80003_z,0,0,0,0,0,0,0,0,0,0,0
Delhi,Multiplication|Repeated addition|Mcq|6 x 3|0|0,q_mul_80004_z,0,0,0,0,0,0,0,0,0,0,0
Delhi,Multiplication|Repeated addition|Mcq|7 x 4|0|0,q_mul_80005_z,0,0,0,0,0,0,0,0,0,0,0
Delhi,Multiplication|Tables 1 to 9|Fib||3|3,q_mul_00082_z,0,0,0,0,0,1,0,0,0,0,0
Delhi,Multiplication|Tables 1 to 9|Fib||4|2,q_dlg3_mul_00604_b,0,0,0,0,0,0,0,0,0,0,0
Delhi,Multiplication|Tables 1 to 9|Fib||6|0,q_mul_00863_z,0,0,0,0,0,0,1,0,0,0,0
Delhi,Multiplication|Tables 1 to 9|Fib||6|3,q_mul_0139_z,0,0,0,0,0,0,0,0,0,0,0
Delhi,Multiplication|Tables 1 to 9|Fib||6|9,q_mul_0144_z,0,0,0,0,0,0,0,0,0,0,0
Delhi,Multiplication|Tables 1 to 9|Fib||7|3,q_mul_0140_z,0,0,0,0,0,0,0,0,0,0,0
Delhi,Multiplication|Tables 1 to 9|Fib||7|6,q_mul_00666_z,0,0,0,0,0,0,0,0,0,0,0
Delhi,Multiplication|Tables 1 to 9|Fib||7|7,q_mul_0142_z,0,0,0,0,0,1,0,0,0,0,0
Delhi,Multiplication|Tables 1 to 9|Fib||8|4,q_mul_00696_z,0,0,0,0,0,0,0,0,0,0,0
Delhi,Multiplication|Tables 1 to 9|Fib||9|8,q_mul_01082_z,0,0,0,0,0,0,0,0,0,0,0
Delhi,"Multiplication|Tables 1, 2 and 5|Fib||2|3",q_dlg2_mul_80006_b,0,0,0,0,0,0,0,0,0,0,0
Delhi,"Multiplication|Tables 1, 2 and 5|Fib||2|4",q_mul_00079_z,0,0,0,0,0,0,0,0,0,0,0
Delhi,"Multiplication|Tables 1, 2 and 5|Fib||2|6",q_mul_80007_z,0,0,0,0,0,0,0,0,0,0,0
Delhi,"Multiplication|Tables 1, 2 and 5|Fib||2|7",q_mul_00123_z,0,0,0,0,0,0,0,0,0,0,0
Delhi,"Multiplication|Tables 1, 2 and 5|Fib||2|9",q_dlg2_mul_00130_b,0,0,0,0,0,0,0,0,0,0,0
Delhi,"Multiplication|Tables 1, 2 and 5|Fib||5|3",q_mul_00163_z,0,0,0,0,0,0,0,0,0,0,0
Delhi,"Multiplication|Tables 1, 2 and 5|Fib||5|4",q_mul_80008_z,0,0,0,0,0,0,0,0,0,0,0
Delhi,"Multiplication|Tables 1, 2 and 5|Fib||5|5",q_mul_00171_z,0,0,0,0,0,1,0,0,0,0,0
Delhi,"Multiplication|Tables 1, 2 and 5|Fib||5|7",q_dlg2_mul_80009_b,0,0,0,0,0,0,0,0,0,0,0
Delhi,"Multiplication|Tables 1, 2 and 5|Fib||5|8",q_mul_80010_z,0,0,0,0,0,0,0,0,0,0,0
Delhi,Subtraction|10 to 19 - 1D|Fib||10|2,q_sub_0137_z,0,0,0,0,0,0,0,0,0,0,0
Delhi,Subtraction|10 to 19 - 1D|Fib||10|3,q_dlg1_sub_00265_b,0,0,0,0,0,0,0,0,0,0,0
Delhi,Subtraction|10 to 19 - 1D|Fib||11|2,q_sub_03989_z,0,0,0,0,0,0,0,0,0,0,0
Delhi,Subtraction|10 to 19 - 1D|Fib||11|4,q_sub_0143_z,0,0,0,0,0,0,0,0,0,0,0
Delhi,Subtraction|10 to 19 - 1D|Fib||11|5,q_sub_80002_z,0,0,0,0,0,0,0,0,0,0,0
Delhi,Subtraction|10 to 19 - 1D|Fib||11|7,q_sub_0138_z,0,0,0,0,0,0,0,0,0,0,0
Delhi,Subtraction|10 to 19 - 1D|Fib||12|5,q_sub_0135_z,0,0,0,0,0,0,0,0,0,0,0
Delhi,Subtraction|10 to 19 - 1D|Fib||12|6,q_sub_0142_z,0,0,0,0,0,0,0,0,0,0,0
Delhi,Subtraction|10 to 19 - 1D|Fib||12|8,q_sub_00310_z,0,0,0,0,0,0,0,0,0,0,0
Delhi,Subtraction|10 to 19 - 1D|Fib||12|9,q_sub_0139_z,0,0,0,0,0,0,0,0,0,0,0
Delhi,Subtraction|10 to 19 - 1D|Fib||13|5,q_dlg1_sub_00301_b,0,0,0,0,0,0,0,0,0,0,0
Delhi,Subtraction|10 to 19 - 1D|Fib||14|7,q_sub_00308_z,0,0,0,0,0,0,0,0,0,0,0
Delhi,Subtraction|10 to 19 - 1D|Fib||15|6,q_sub_00288_z,0,0,0,0,0,0,0,0,0,0,0
Delhi,Subtraction|10 to 19 - 1D|Fib||16|7,q_sub_0145_z,0,0,0,0,0,0,0,0,0,0,0
Delhi,Subtraction|10 to 19 - 1D|Fib||16|8,q_sub_0141_z,0,0,0,0,0,0,0,0,0,0,0
Delhi,Subtraction|10 to 19 - 1D|Fib||17|9,q_sub_00306_z,0,0,0,0,0,0,0,0,0,0,0
Delhi,Subtraction|10 to 19 - 1D|Fib||18|9,q_dlg1_sub_80004_b,0,0,0,0,0,0,0,0,0,0,0
Delhi,Subtraction|1D - 0 to 9|Fib||2|1,q_sub_0072_z,0,0,0,0,0,0,0,0,0,0,0
Delhi,Subtraction|1D - 0 to 9|Fib||3|0,q_sub_0140_z,0,0,1,0,0,0,0,0,0,0,0
Delhi,Subtraction|1D - 0 to 9|Fib||3|1,q_sub_0073_z,0,0,0,0,0,0,0,0,0,0,0
Delhi,Subtraction|1D - 0 to 9|Fib||4|3,q_sub_80001_z,0,0,0,0,0,0,0,0,0,0,0
Delhi,Subtraction|1D - 0 to 9|Fib||4|4,q_sub_0144_z,0,0,0,0,1,0,0,0,0,0,0
Delhi,Subtraction|1D - 0 to 9|Fib||5|0,q_sub_00231_z,0,0,1,0,0,0,0,0,0,0,0
Delhi,Subtraction|1D - 0 to 9|Fib||5|1,q_sub_0079_z,0,0,0,0,0,0,0,0,0,0,0
Delhi,Subtraction|1D - 0 to 9|Fib||6|4,q_sub_03988_z,0,0,0,0,0,0,0,0,0,0,0
Delhi,Subtraction|1D - 0 to 9|Fib||7|4,q_sub_0136_z,0,0,0,0,0,0,0,0,0,0,0
Delhi,Subtraction|1D - 0 to 9|Fib||7|7,q_sub_00228_z,0,0,0,0,1,0,0,0,0,0,0
Delhi,Subtraction|1D - 0 to 9|Fib||8|5,q_sub_00189_z,0,0,0,0,0,0,0,0,0,0,0
Delhi,Subtraction|1D - 0 to 9|Fib||8|7,q_sub_0082_z,0,0,0,0,0,0,0,0,0,0,0
Delhi,Subtraction|1D - 0 to 9|Fib||9|4,q_sub_0074_z,0,0,0,0,0,0,0,0,0,0,0
Delhi,Subtraction|1D - 0 to 9|Fib||9|6,q_dlg1_sub_00190_b,0,0,0,0,0,0,0,0,0,0,0
Delhi,Subtraction|2-digit Subtraction with borrowing|Fib||43|17,q_dlg2_sub_03998_b,0,0,0,0,0,0,0,0,0,0,0
Delhi,Subtraction|2-digit Subtraction with borrowing|Fib||50|28,q_sub_04000_z,0,0,0,1,0,0,0,0,0,0,0
Delhi,Subtraction|2-digit Subtraction with borrowing|Fib||51|23,q_sub_0551_z,0,0,0,0,0,0,0,0,0,0,0
Delhi,Subtraction|2-digit Subtraction with borrowing|Fib||54|27,q_sub_0548_z,0,0,0,0,0,0,0,0,0,0,0
Delhi,Subtraction|2-digit Subtraction with borrowing|Fib||54|47,q_sub_80009_z,0,0,0,0,1,0,0,0,0,0,0
Delhi,Subtraction|2-digit Subtraction with borrowing|Fib||68|29,q_sub_0553_z,0,0,0,0,0,0,0,0,0,0,0
Delhi,Subtraction|2-digit Subtraction with borrowing|Fib||68|59,q_sub_80011_z,0,0,0,0,1,0,0,0,0,0,0
Delhi,Subtraction|2-digit Subtraction with borrowing|Fib||75|29,q_sub_80010_z,0,0,0,0,0,0,0,0,0,0,0
Delhi,Subtraction|2-digit Subtraction with borrowing|Fib||76|57,q_sub_0550_z,0,0,0,0,0,0,0,0,0,0,0
Delhi,Subtraction|2-digit Subtraction with borrowing|Fib||85|26,q_sub_0559_z,0,0,0,0,0,0,0,0,0,0,0
Delhi,Subtraction|2-digit Subtraction with borrowing|Fib||90|15,q_sub_0552_z,0,0,0,1,0,0,0,0,0,0,0
Delhi,Subtraction|2-digit Subtraction with borrowing|Fib||91|76,q_sub_03999_z,0,0,0,0,0,0,0,0,0,0,0
Delhi,Subtraction|2-digit Subtraction without borrowing|Fib||19|2,q_sub_0364_z,0,0,0,0,0,0,0,0,0,0,0
Delhi,Subtraction|2-digit Subtraction without borrowing|Fib||19|4,q_sub_03990_z,0,0,0,0,0,0,0,0,0,0,0
Delhi,Subtraction|2-digit Subtraction without borrowing|Fib||25|15,q_sub_0547_z,0,0,0,0,1,0,0,0,0,0,0
Delhi,Subtraction|2-digit Subtraction without borrowing|Fib||26|2,q_sub_0361_z,0,0,0,0,0,0,0,0,0,0,0
Delhi,Subtraction|2-digit Subtraction without borrowing|Fib||36|26,q_sub_0554_z,0,0,0,0,1,0,0,0,0,0,0
Delhi,Subtraction|2-digit Subtraction without borrowing|Fib||37|20,q_sub_80005_z,0,0,1,0,0,0,0,0,0,0,0
Delhi,Subtraction|2-digit Subtraction without borrowing|Fib||38|3,q_sub_0366_z,0,0,0,0,0,0,0,0,0,0,0
Delhi,Subtraction|2-digit Subtraction without borrowing|Fib||40|0,q_sub_0365_z,0,0,0,0,0,0,0,0,0,0,0
Delhi,Subtraction|2-digit Subtraction without borrowing|Fib||42|2,q_sub_0359_z,0,0,0,0,1,0,0,0,0,0,0
Delhi,Subtraction|2-digit Subtraction without borrowing|Fib||54|3,q_sub_0358_z,0,0,0,0,0,0,0,0,0,0,0
Delhi,Subtraction|2-digit Subtraction without borrowing|Fib||56|0,q_sub_0355_z,0,0,1,0,0,0,0,0,0,0,0
Delhi,Subtraction|2-digit Subtraction without borrowing|Fib||58|1,q_sub_0363_z,0,0,0,0,0,0,0,0,0,0,0
Delhi,Subtraction|2-digit Subtraction without borrowing|Fib||59|0,q_sub_03991_z,0,0,1,0,0,0,0,0,0,0,0
Delhi,Subtraction|2-digit Subtraction without borrowing|Fib||60|10,q_sub_01222_z,0,0,0,0,0,0,0,0,0,0,0
Delhi,Subtraction|2-digit Subtraction without borrowing|Fib||62|1,q_sub_0353_z,0,0,0,0,0,0,0,0,0,0,0
Delhi,Subtraction|2-digit Subtraction without borrowing|Fib||63|2,q_sub_0354_z,0,0,0,0,0,0,0,0,0,0,0
Delhi,Subtraction|2-digit Subtraction without borrowing|Fib||63|21,q_sub_0557_z,0,0,0,0,0,0,0,0,0,0,0
Delhi,Subtraction|2-digit Subtraction without borrowing|Fib||73|3,q_sub_0362_z,0,0,0,0,1,0,0,0,0,0,0
Delhi,Subtraction|2-digit Subtraction without borrowing|Fib||87|45,q_dlg2_sub_80007_b,0,0,0,0,0,0,0,0,0,0,0
Delhi,Subtraction|2-digit Subtraction without borrowing|Fib||88|11,q_sub_03994_z,0,0,0,0,0,0,0,0,0,0,0
Delhi,Subtraction|2-digit Subtraction without borrowing|Fib||91|1,q_sub_0360_z,0,0,0,0,1,0,0,0,0,0,0
Delhi,Subtraction|2-digit Subtraction without borrowing|Fib||93|23,q_sub_03993_z,0,0,0,0,1,0,0,0,0,0,0
Delhi,Subtraction|2-digit Subtraction without borrowing|Fib||95|42,q_sub_80006_z,0,0,0,0,0,0,0,0,0,0,0
Delhi,Subtraction|2-digit Subtraction without borrowing|Fib||96|6,q_sub_03992_z,0,0,0,0,1,0,0,0,0,0,0
Delhi,Subtraction|3-digit Subtraction with borrowing|Fib||100|7,q_sub_0928_z,0,0,0,1,0,0,0,0,0,0,0
Delhi,Subtraction|3-digit Subtraction with borrowing|Fib||105|78,q_sub_0925_z,0,0,0,0,0,0,0,0,0,0,0
Delhi,Subtraction|3-digit Subtraction with borrowing|Fib||170|58,q_sub_0922_z,0,0,0,1,0,0,0,0,0,0,0
Delhi,Subtraction|3-digit Subtraction with borrowing|Fib||180|68,q_sub_04007_z,0,0,0,1,0,0,0,0,0,0,0
Delhi,Subtraction|3-digit Subtraction with borrowing|Fib||185|78,q_sub_0913_z,0,0,0,0,1,0,0,0,0,0,0
Delhi,Subtraction|3-digit Subtraction with borrowing|Fib||200|147,q_sub_0919_z,0,0,0,1,1,0,0,0,0,0,0
Delhi,Subtraction|3-digit Subtraction with borrowing|Fib||300|145,q_sub_0926_z,0,0,0,1,0,0,0,0,0,0,0
Delhi,Subtraction|3-digit Subtraction with borrowing|Fib||312|64,q_sub_80016_z,0,0,0,1,0,0,0,0,0,0,0
Delhi,Subtraction|3-digit Subtraction with borrowing|Fib||424|315,q_sub_80017_z,0,0,0,0,1,0,0,0,0,0,0
Delhi,Subtraction|3-digit Subtraction with borrowing|Fib||472|138,q_sub_0912_z,0,0,0,0,0,0,0,0,0,0,0
Delhi,Subtraction|3-digit Subtraction with borrowing|Fib||551|9,q_sub_04006_z,0,0,0,0,0,0,0,0,0,0,0
Delhi,Subtraction|3-digit Subtraction with borrowing|Fib||584|88,q_sub_04009_z,0,0,0,0,0,0,0,0,0,0,0
Delhi,Subtraction|3-digit Subtraction with borrowing|Fib||601|518,q_dlg3_sub_04011_b,0,0,0,0,1,0,0,0,0,0,0
Delhi,Subtraction|3-digit Subtraction with borrowing|Fib||624|183,q_sub_0914_z,0,0,0,0,0,0,0,0,0,0,0
Delhi,Subtraction|3-digit Subtraction with borrowing|Fib||637|389,q_sub_0923_z,0,0,0,0,0,0,0,0,0,0,0
Delhi,Subtraction|3-digit Subtraction with borrowing|Fib||703|74,q_sub_04010_z,0,0,0,0,0,0,0,0,0,0,0
Delhi,Subtraction|3-digit Subtraction with borrowing|Fib||800|7,q_dlg3_sub_80015_b,0,0,0,1,0,0,0,0,0,0,0
Delhi,Subtraction|3-digit Subtraction with borrowing|Fib||864|45,q_sub_04008_z,0,0,0,0,0,0,0,0,0,0,0
Delhi,Subtraction|3-digit Subtraction with borrowing|Fib||872|58,q_sub_04005_z,0,0,0,0,0,0,0,0,0,0,0
Delhi,Subtraction|3-digit Subtraction with borrowing|Fib||935|167,q_dlg3_sub_04012_b,0,0,0,0,0,0,0,0,0,0,0
Delhi,Subtraction|3-digit Subtraction with borrowing|Fib||952|684,q_sub_0920_z,0,0,0,0,0,0,0,0,0,0,0
Delhi,Subtraction|3-digit Subtraction without borrowing|Fib||234|110,q_sub_0657_z,0,0,1,0,0,0,0,0,0,0,0
Delhi,Subtraction|3-digit Subtraction without borrowing|Fib||281|181,q_sub_0921_z,0,0,0,0,1,0,0,0,0,0,0
Delhi,Subtraction|3-digit Subtraction without borrowing|Fib||288|280,q_sub_0659_z,0,0,1,0,1,0,0,0,0,0,0
Delhi,Subtraction|3-digit Subtraction without borrowing|Fib||322|322,q_sub_0658_z,0,0,0,0,1,0,0,0,0,0,0
Delhi,Subtraction|3-digit Subtraction without borrowing|Fib||359|102,q_sub_80013_z,0,0,1,0,0,0,0,0,0,0,0
Delhi,Subtraction|3-digit Subtraction without borrowing|Fib||445|404,q_sub_04003_z,0,0,1,0,1,0,0,0,0,0,0
Delhi,Subtraction|3-digit Subtraction without borrowing|Fib||457|234,q_dlg3_sub_80012_b,0,0,0,0,0,0,0,0,0,0,0
Delhi,Subtraction|3-digit Subtraction without borrowing|Fib||489|123,q_sub_0924_z,0,0,0,0,0,0,0,0,0,0,0
Delhi,Subtraction|3-digit Subtraction without borrowing|Fib||548|246,q_sub_80014_z,0,0,0,0,1,0,0,0,0,0,0
Delhi,Subtraction|3-digit Subtraction without borrowing|Fib||560|60,q_sub_0655_z,0,0,0,0,1,0,0,0,0,0,0
Delhi,Subtraction|3-digit Subtraction without borrowing|Fib||606|2,q_sub_04001_z,0,0,0,0,0,0,0,0,0,0,0
Delhi,Subtraction|3-digit Subtraction without borrowing|Fib||618|17,q_sub_04002_z,0,0,0,0,1,0,0,0,0,0,0
Delhi,Subtraction|3-digit Subtraction without borrowing|Fib||677|3,q_sub_0662_z,0,0,0,0,0,0,0,0,0,0,0
Delhi,Subtraction|3-digit Subtraction without borrowing|Fib||709|709,q_sub_04004_z,0,0,0,0,1,0,0,0,0,0,0
Delhi,Subtraction|3-digit Subtraction without borrowing|Fib||777|767,q_sub_0660_z,0,0,0,0,1,0,0,0,0,0,0
Delhi,Subtraction|3-digit Subtraction without borrowing|Fib||874|50,q_sub_0656_z,0,0,1,0,0,0,0,0,0,0,0
Delhi,Subtraction|3-digit Subtraction without borrowing|Fib||888|5,q_sub_0654_z,0,0,0,0,0,0,0,0,0,0,0
Delhi,Subtraction|3-digit Subtraction without borrowing|Fib||900|800,q_sub_0927_z,0,0,0,0,0,0,0,0,0,0,0
Delhi,Subtraction|3-digit Subtraction without borrowing|Fib||922|11,q_sub_0929_z,0,0,0,0,0,0,0,0,0,0,0
Delhi,Subtraction|3-digit Subtraction without borrowing|Fib||949|929,q_sub_0661_z,0,0,0,0,1,0,0,0,0,0,0
Delhi,Subtraction|4-digit Subtraction with borrowing|Fib||1008|989,q_sub_1272_z,0,0,0,0,1,0,0,0,0,0,0
Delhi,Subtraction|4-digit Subtraction with borrowing|Fib||2352|1844,q_sub_04021_z,0,0,0,0,1,0,0,0,0,0,0
Delhi,Subtraction|4-digit Subtraction with borrowing|Fib||2374|1423,q_sub_1275_z,0,0,0,0,1,0,0,0,0,0,0
Delhi,Subtraction|4-digit Subtraction with borrowing|Fib||3000|654,q_sub_1277_z,0,0,0,1,0,0,0,0,0,0,0
Delhi,Subtraction|4-digit Subtraction with borrowing|Fib||3313|713,q_sub_04017_z,0,0,0,0,1,0,0,0,0,0,0
Delhi,Subtraction|4-digit Subtraction with borrowing|Fib||4001|234,q_sub_1271_z,0,0,0,0,0,0,0,0,0,0,0
Delhi,Subtraction|4-digit Subtraction with borrowing|Fib||4090|2442,q_dlg4_sub_04020_b,0,0,0,1,0,0,0,0,0,0,0
Delhi,Subtraction|4-digit Subtraction with borrowing|Fib||5000|1,q_dlg4_sub_04022_b,0,0,0,1,0,0,0,0,0,0,0
Delhi,Subtraction|4-digit Subtraction with borrowing|Fib||6006|97,q_dlg4_sub_04023_b,0,0,0,0,1,0,0,0,0,0,0
Delhi,Subtraction|4-digit Subtraction with borrowing|Fib||6205|89,q_sub_1278_z,0,0,0,0,0,0,0,0,0,0,0
Delhi,Subtraction|4-digit Subtraction with borrowing|Fib||6735|45,q_sub_04016_z,0,0,0,0,1,0,0,0,0,0,0
Delhi,Subtraction|4-digit Subtraction with borrowing|Fib||7092|27,q_sub_04015_z,0,0,0,0,0,0,0,0,0,0,0
Delhi,Subtraction|4-digit Subtraction with borrowing|Fib||8000|4342,q_sub_1273_z,0,0,0,1,0,0,0,0,0,0,0
Delhi,Subtraction|4-digit Subtraction with borrowing|Fib||8102|6,q_sub_04019_z,0,0,0,0,0,0,0,0,0,0,0
Delhi,Subtraction|4-digit Subtraction with borrowing|Fib||9007|1009,q_sub_1274_z,0,0,0,0,0,0,0,0,0,0,0
Delhi,Subtraction|4-digit Subtraction with borrowing|Fib||9090|1393,q_sub_1276_z,0,0,0,1,0,0,0,0,0,0,0
Delhi,Subtraction|4-digit Subtraction with borrowing|Fib||9175|5205,q_sub_04018_z,0,0,1,0,1,0,0,0,0,0,0
Delhi,Subtraction|4-digit Subtraction with borrowing|Fib||9178|5205,q_sub_80023_z,0,0,1,0,0,0,0,0,0,0,0
Delhi,Subtraction|4-digit Subtraction with borrowing|Fib||9584|899,q_sub_04024_z,0,0,0,0,0,0,0,0,0,0,0
Delhi,Subtraction|4-digit Subtraction without borrowing|Fib||3000|3000,q_sub_0969_z,0,0,0,0,1,0,0,0,0,0,0
Delhi,Subtraction|4-digit Subtraction without borrowing|Fib||3986|2384,q_dlg4_sub_80022_b,0,0,0,0,1,0,0,0,0,0,0
Delhi,Subtraction|4-digit Subtraction without borrowing|Fib||4289|2,q_sub_0964_z,0,0,0,0,0,0,0,0,0,0,0
Delhi,Subtraction|4-digit Subtraction without borrowing|Fib||4786|26,q_sub_80019_z,0,0,0,0,1,0,0,0,0,0,0
Delhi,Subtraction|4-digit Subtraction without borrowing|Fib||4838|3808,q_sub_0967_z,0,0,1,0,1,0,0,0,0,0,0
Delhi,Subtraction|4-digit Subtraction without borrowing|Fib||5365|0,q_sub_04013_z,0,0,1,0,0,0,0,0,0,0,0
Delhi,Subtraction|4-digit Subtraction without borrowing|Fib||5365|3,q_sub_80018_z,0,0,0,0,0,0,0,0,0,0,0
Delhi,Subtraction|4-digit Subtraction without borrowing|Fib||8476|345,q_sub_80020_z,0,0,0,0,0,0,0,0,0,0,0
Delhi,Subtraction|4-digit Subtraction without borrowing|Fib||8922|2222,q_sub_0968_z,0,0,0,0,1,0,0,0,0,0,0
Delhi,Subtraction|4-digit Subtraction without borrowing|Fib||9825|8014,q_sub_80021_z,0,0,1,0,0,0,0,0,0,0,0
Delhi,Subtraction|4-digit Subtraction without borrowing|Fib||9825|8024,q_sub_04014_z,0,0,1,0,1,0,0,0,0,0,0
Delhi,Subtraction|4-digit Subtraction without borrowing|Fib||9926|513,q_sub_0965_z,0,0,0,0,0,0,0,0,0,0,0
Delhi,Subtraction|4-digit Subtraction without borrowing|Fib||9954|8804,q_sub_0966_z,0,0,1,0,1,0,0,0,0,0,0
Delhi,Subtraction|5-digit Subtraction with borrowing|Fib||10000|9,q_dlg5_sub_04036_b,0,0,0,1,0,0,0,0,0,0,0
Delhi,Subtraction|5-digit Subtraction with borrowing|Fib||27194|19900,q_sub_1603_z,0,0,1,0,1,0,0,0,0,0,0
Delhi,Subtraction|5-digit Subtraction with borrowing|Fib||27763|6183,q_dlg5_sub_80028_b,0,0,0,0,1,0,0,0,0,0,0
Delhi,Subtraction|5-digit Subtraction with borrowing|Fib||27766|6183,q_sub_04027_z,0,0,0,0,0,0,0,0,0,0,0
Delhi,Subtraction|5-digit Subtraction with borrowing|Fib||30030|27338,q_sub_1606_z,0,0,0,1,1,0,0,0,0,0,0
Delhi,Subtraction|5-digit Subtraction with borrowing|Fib||34078|96,q_sub_1602_z,0,0,0,0,0,0,0,0,0,0,0
Delhi,Subtraction|5-digit Subtraction with borrowing|Fib||38321|24007,q_sub_04028_z,0,0,1,0,0,0,0,0,0,0,0
Delhi,Subtraction|5-digit Subtraction with borrowing|Fib||42076|93,q_sub_1604_z,0,0,0,0,0,0,0,0,0,0,0
Delhi,Subtraction|5-digit Subtraction with borrowing|Fib||45689|29811,q_sub_1590_z,0,0,0,0,0,0,0,0,0,0,0
Delhi,Subtraction|5-digit Subtraction with borrowing|Fib||49438|9,q_sub_1605_z,0,0,0,0,0,0,0,0,0,0,0
Delhi,Subtraction|5-digit Subtraction with borrowing|Fib||50008|9,q_sub_1597_z,0,0,0,0,0,0,0,0,0,0,0
Delhi,Subtraction|5-digit Subtraction with borrowing|Fib||54785|36859,q_dlg5_sub_04034_b,0,0,0,0,0,0,0,0,0,0,0
Delhi,Subtraction|5-digit Subtraction with borrowing|Fib||55291|6833,q_sub_04033_z,0,0,0,0,0,0,0,0,0,0,0
Delhi,Subtraction|5-digit Subtraction with borrowing|Fib||60023|8211,q_sub_1596_z,0,0,0,1,0,0,0,0,0,0,0
Delhi,Subtraction|5-digit Subtraction with borrowing|Fib||64320|995,q_sub_04032_z,0,0,0,1,0,0,0,0,0,0,0
Delhi,Subtraction|5-digit Subtraction with borrowing|Fib||65004|2916,q_sub_1592_z,0,0,0,0,1,0,0,0,0,0,0
Delhi,Subtraction|5-digit Subtraction with borrowing|Fib||65415|37448,q_sub_04035_z,0,0,0,1,0,0,0,0,0,0,0
Delhi,Subtraction|5-digit Subtraction with borrowing|Fib||65488|91,q_sub_1600_z,0,0,0,0,0,0,0,0,0,0,0
Delhi,Subtraction|5-digit Subtraction with borrowing|Fib||71016|50,q_sub_04029_z,0,0,1,0,0,0,0,0,0,0,0
Delhi,Subtraction|5-digit Subtraction with borrowing|Fib||80000|78999,q_sub_1591_z,0,0,0,1,1,0,0,0,0,0,0
Delhi,Subtraction|5-digit Subtraction with borrowing|Fib||82336|23292,q_sub_04031_z,0,0,0,0,1,0,0,0,0,0,0
Delhi,Subtraction|5-digit Subtraction with borrowing|Fib||82336|23296,q_sub_80029_z,0,0,0,0,1,0,0,0,0,0,0
Delhi,Subtraction|5-digit Subtraction with borrowing|Fib||85680|937,q_sub_04030_z,0,0,0,1,0,0,0,0,0,0,0
Delhi,Subtraction|5-digit Subtraction with borrowing|Fib||90008|38344,q_sub_1607_z,0,0,0,1,0,0,0,0,0,0,0
Delhi,Subtraction|5-digit Subtraction with borrowing|Fib||90104|3282,q_sub_1589_z,0,0,0,1,0,0,0,0,0,0,0
Delhi,Subtraction|5-digit Subtraction with borrowing|Fib||96105|7,q_sub_1595_z,0,0,0,0,0,0,0,0,0,0,0
Delhi,Subtraction|5-digit Subtraction without borrowing|Fib||13478|70,q_sub_1305_z,0,0,1,0,1,0,0,0,0,0,0
Delhi,Subtraction|5-digit Subtraction without borrowing|Fib||23789|12709,q_sub_1593_z,0,0,1,0,1,0,0,0,0,0,0
Delhi,Subtraction|5-digit Subtraction without borrowing|Fib||35782|23451,q_dlg5_sub_80027_b,0,0,0,0,0,0,0,0,0,0,0
Delhi,Subtraction|5-digit Subtraction without borrowing|Fib||47779|4326,q_sub_04026_z,0,0,0,0,0,0,0,0,0,0,0
Delhi,Subtraction|5-digit Subtraction without borrowing|Fib||48330|38300,q_sub_1310_z,0,0,1,0,1,0,0,0,0,0,0
Delhi,Subtraction|5-digit Subtraction without borrowing|Fib||48762|34612,q_sub_80026_z,0,0,0,0,1,0,0,0,0,0,0
Delhi,Subtraction|5-digit Subtraction without borrowing|Fib||56316|106,q_sub_04025_z,0,0,1,0,1,0,0,0,0,0,0
Delhi,Subtraction|5-digit Subtraction without borrowing|Fib||56318|106,q_sub_80025_z,0,0,1,0,0,0,0,0,0,0,0
Delhi,Subtraction|5-digit Subtraction without borrowing|Fib||59763|53,q_sub_80024_z,0,0,0,0,1,0,0,0,0,0,0
Delhi,Subtraction|5-digit Subtraction without borrowing|Fib||65328|3216,q_sub_1599_z,0,0,0,0,0,0,0,0,0,0,0
Delhi,Subtraction|5-digit Subtraction without borrowing|Fib||74369|13224,q_sub_1308_z,0,0,0,0,0,0,0,0,0,0,0
Delhi,Subtraction|5-digit Subtraction without borrowing|Fib||78563|4232,q_sub_1307_z,0,0,0,0,0,0,0,0,0,0,0
Delhi,Subtraction|5-digit Subtraction without borrowing|Fib||79584|79584,q_sub_1608_z,0,0,0,0,1,0,0,0,0,0,0
Delhi,Subtraction|5-digit Subtraction without borrowing|Fib||83167|115,q_sub_1306_z,0,0,0,0,1,0,0,0,0,0,0
Delhi,Subtraction|5-digit Subtraction without borrowing|Fib||83383|83383,q_sub_1598_z,0,0,0,0,1,0,0,0,0,0,0
Delhi,Subtraction|5-digit Subtraction without borrowing|Fib||85679|9,q_sub_1304_z,0,0,0,0,1,0,0,0,0,0,0
Delhi,Subtraction|5-digit Subtraction without borrowing|Fib||94438|13231,q_sub_1594_z,0,0,0,0,1,0,0,0,0,0,0
Delhi,Subtraction|5-digit Subtraction without borrowing|Fib||94584|83484,q_sub_1309_z,0,0,0,0,1,0,0,0,0,0,0
Karnataka,Addition|1D+1D sum upto 20|Fib||3|8,q_add_00122_b,0,0,0,0,0,0,0,0,0,0,0
Karnataka,Addition|1D+1D sum upto 20|Fib||3|9,q_add_04197_b,0,0,0,0,0,0,0,0,0,0,0
Karnataka,Addition|1D+1D sum upto 20|Fib||4|7,q_add_04193_b,0,0,0,0,0,0,0,0,0,0,0
Karnataka,Addition|1D+1D sum upto 20|Fib||6|6,q_entry_add_80002_b,0,1,0,0,0,0,0,0,0,0,0
Karnataka,Addition|1D+1D sum upto 20|Fib||6|8,q_add_04198_b,0,0,0,0,0,0,0,0,0,0,0
Karnataka,Addition|1D+1D sum upto 20|Fib||7|7,q_add_00126_b,0,1,0,0,0,0,0,0,0,0,0
Karnataka,Addition|1D+1D sum upto 20|Fib||7|9,q_add_04194_b,0,0,0,0,0,0,0,0,0,0,0
Karnataka,Addition|1D+1D sum upto 20|Fib||8|5,q_entry_add_04195_b,0,0,0,0,0,0,0,0,0,0,0
Karnataka,Addition|1D+1D sum upto 20|Fib||8|6,q_add_00123_b,0,0,0,0,0,0,0,0,0,0,0
Karnataka,Addition|1D+1D sum upto 20|Fib||9|3,q_add_00125_b,0,0,0,0,0,0,0,0,0,0,0
Karnataka,Addition|1D+1D sum upto 20|Fib||9|9,q_entry_add_04199_b,0,1,0,0,0,0,0,0,0,0,0
Karnataka,Addition|1D+1D sum upto 9|Fib||0|6,q_add_04192_b,1,0,0,0,0,0,0,0,0,0,0
Karnataka,Addition|1D+1D sum upto 9|Fib||0|8,q_add_00077_b,1,0,0,0,0,0,0,0,0,0,0
Karnataka,Addition|1D+1D sum upto 9|Fib||1|4,q_add_04191_b,0,0,0,0,0,0,0,0,0,0,0
Karnataka,Addition|1D+1D sum upto 9|Fib||2|5,q_add_00080_b,0,0,0,0,0,0,0,0,0,0,0
Karnataka,Addition|1D+1D sum upto 9|Fib||2|7,q_entry_add_04188_b,0,0,0,0,0,0,0,0,0,0,0
Karnataka,Addition|1D+1D sum upto 9|Fib||3|4,q_add_00076_b,0,0,0,0,0,0,0,0,0,0,0
Karnataka,Addition|1D+1D sum upto 9|Fib||4|0,q_add_04190_b,1,0,0,0,0,0,0,0,0,0,0
Karnataka,Addition|1D+1D sum upto 9|Fib||5|2,q_add_00078_b,0,0,0,0,0,0,0,0,0,0,0
Karnataka,Addition|1D+1D sum upto 9|Fib||5|3,q_add_04189_b,0,0,0,0,0,0,0,0,0,0,0
Karnataka,Addition|1D+1D sum upto 9|Fib||6|3,q_add_00081_b,0,0,0,0,0,0,0,0,0,0,0
Karnataka,Addition|1D+1D sum upto 9|Fib||7|0,q_add_00079_b,1,0,0,0,0,0,0,0,0,0,0
Karnataka,Addition|2-digit Addition with carry|Fib||16|36,q_entry_addv2_0332,0,1,0,0,0,0,0,0,0,0,0
Karnataka,Addition|2-digit Addition with carry|Fib||17|69,q_add_80018_b,0,0,0,0,0,0,0,0,0,0,0
Karnataka,Addition|2-digit Addition with carry|Fib||27|55,q_add_04209_b,0,0,0,0,0,0,0,0,0,0,0
Karnataka,Addition|2-digit Addition with carry|Fib||28|38,q_entry_addv2_0330,0,1,0,0,0,0,0,0,0,0,0
Karnataka,Addition|2-digit Addition with carry|Fib||29|28,q_add_00614_b,0,1,0,0,0,0,0,0,0,0,0
Karnataka,Addition|2-digit Addition with carry|Fib||35|27,q_add_00612_b,0,0,0,0,0,0,0,0,0,0,0
Karnataka,Addition|2-digit Addition with carry|Fib||3|69,q_add_80019_b,0,0,0,0,0,0,0,0,0,0,0
Karnataka,Addition|2-digit Addition with carry|Fib||43|28,q_add_00616_b,0,0,0,0,0,0,0,0,0,0,0
Karnataka,Addition|2-digit Addition with carry|Fib||49|25,q_add_80016_b,0,0,0,0,0,0,0,0,0,0,0
Karnataka,Addition|2-digit Addition with carry|Fib||64|18,q_entry_addv2_0328,0,0,0,0,0,0,0,0,0,0,0
Karnataka,Addition|2-digit Addition with carry|Fib||73|9,q_add_06010_b2,0,0,0,0,0,0,0,0,0,0,0
Karnataka,Addition|2-digit Addition with carry|Fib||9|57,q_add_80020_b,0,0,0,0,0,0,0,0,0,0,0
Karnataka,Addition|2-digit Addition without carry|Fib||11|44,q_add_04211_b,0,0,0,0,0,0,0,0,0,0,0
Karnataka,Addition|2-digit Addition without carry|Fib||12|36,q_add_00611_b,0,0,0,0,0,0,0,0,0,0,0
Karnataka,Addition|2-digit Addition without carry|Fib||14|2,q_add_04200_b,0,0,0,0,0,0,0,0,0,0,0
Karnataka,Addition|2-digit Addition without carry|Fib||26|52,q_add_00497_b,0,0,0,0,0,0,0,0,0,0,0
Karnataka,Addition|2-digit Addition without carry|Fib||2|52,q_add_00492_b,0,1,0,0,0,0,0,0,0,0,0
Karnataka,Addition|2-digit Addition without carry|Fib||30|31,q_add_04208_b,1,1,0,0,0,0,0,0,0,0,0
Karnataka,Addition|2-digit Addition without carry|Fib||30|50,q_add_04205_b,0,0,0,0,0,0,0,0,0,0,0
Karnataka,Addition|2-digit Addition without carry|Fib||30|59,q_entry_addv2_0003,1,0,0,0,0,0,0,0,0,0,0
Karnataka,Addition|2-digit Addition without carry|Fib||35|21,q_add_00610_b,0,0,0,0,0,0,0,0,0,0,0
Karnataka,Addition|2-digit Addition without carry|Fib||39|0,q_add_04202_b,1,0,0,0,0,0,0,0,0,0,0
Karnataka,Addition|2-digit Addition without carry|Fib||3|26,q_add_00490_b,0,0,0,0,0,0,0,0,0,0,0
Karnataka,Addition|2-digit Addition without carry|Fib||3|60,q_add_04201_b,1,0,0,0,0,0,0,0,0,0,0
Karnataka,Addition|2-digit Addition without carry|Fib||45|3,q_add_00495_b,0,0,0,0,0,0,0,0,0,0,0
Karnataka,Addition|2-digit Addition without carry|Fib||4|30,q_add_00489_b,1,0,0,0,0,0,0,0,0,0,0
Karnataka,Addition|2-digit Addition without carry|Fib||5|71,q_add_00493_b,0,0,0,0,0,0,0,0,0,0,0
Karnataka,Addition|2-digit Addition without carry|Fib||61|6,q_add_00494_b,0,0,0,0,0,0,0,0,0,0,0
Karnataka,Addition|2-digit Addition without carry|Fib||64|34,q_add_04210_b,0,1,0,0,0,0,0,0,0,0,0
Karnataka,Addition|2-digit Addition without carry|Fib||64|35,q_add_80014_b,0,0,0,0,0,0,0,0,0,0,0
Karnataka,Addition|2-digit Addition without carry|Fib||67|21,q_add_00496_b,0,0,0,0,0,0,0,0,0,0,0
Karnataka,Addition|2-digit Addition without carry|Fib||6|42,q_add_00491_b,0,0,0,0,0,0,0,0,0,0,0
Karnataka,Addition|2-digit Addition without carry|Fib||72|25,q_add_80015_b,0,0,0,0,0,0,0,0,0,0,0
Karnataka,Addition|2-digit Addition without carry|Fib||73|0,q_add_04203_b,1,0,0,0,0,0,0,0,0,0,0
Karnataka,Addition|2D+1D sum up to 20|Fib||11|2,q_add_80003_b,0,0,0,0,0,0,0,0,0,0,0
Karnataka,Addition|2D+1D sum up to 20|Fib||12|3,q_add_80004_b,0,0,0,0,0,0,0,0,0,0,0
Karnataka,Addition|2D+1D sum up to 20|Fib||13|4,q_add_80005_b,0,0,0,0,0,0,0,0,0,0,0
Karnataka,Addition|2D+1D sum up to 20|Fib||14|5,q_add_80006_b,0,0,0,0,0,0,0,0,0,0,0
Karnataka,Addition|2D+1D sum up to 20|Fib||15|4,q_add_80007_b,0,0,0,0,0,0,0,0,0,0,0
Karnataka,Addition|2D+1D sum up to 20|Fib||1|18,q_add_80010_b,0,0,0,0,0,0,0,0,0,0,0
Karnataka,Addition|2D+1D sum up to 20|Fib||2|17,q_add_80009_b,0,0,0,0,0,0,0,0,0,0,0
Karnataka,Addition|2D+1D sum up to 20|Fib||3|16,q_entry_add_80008_b,0,0,0,0,0,0,0,0,0,0,0
Karnataka,Addition|2D+1D sum up to 20|Fib||6|13,q_add_80011_b,0,0,0,0,0,0,0,0,0,0,0
Karnataka,Addition|2D+1D sum up to 20|Fib||8|12,q_add_80012_b,0,0,0,0,0,0,0,0,0,0,0
Karnataka,Addition|3-digit Addition with carry|Fib||164|76,q_entry_add_04218_b,0,0,0,0,0,0,0,0,0,0,0
Karnataka,Addition|3-digit Addition with carry|Fib||289|578,q_entry_add_80027_b,0,0,0,0,0,0,0,0,0,0,0
Karnataka,Addition|3-digit Addition with carry|Fib||458|60,q_add_00865_b,1,0,0,0,0,0,0,0,0,0,0
Karnataka,Addition|3-digit Addition with carry|Fib||468|58,q_add_80031_b,0,1,0,0,0,0,0,0,0,0,0
Karnataka,Addition|3-digit Addition with carry|Fib||48|77,q_add_00863_b,0,0,0,0,0,0,0,0,0,0,0
Karnataka,Addition|3-digit Addition with carry|Fib||528|259,q_add_80029_b,0,0,0,0,0,0,0,0,0,0,0
Karnataka,Addition|3-digit Addition with carry|Fib||548|7,q_add_00868_b,0,0,0,0,0,0,0,0,0,0,0
Karnataka,Addition|3-digit Addition with carry|Fib||58|60,q_add_00867_b,1,0,0,0,0,0,0,0,0,0,0
Karnataka,Addition|3-digit Addition with carry|Fib||689|213,q_add_80030_b,0,0,0,0,0,0,0,0,0,0,0
Karnataka,Addition|3-digit Addition with carry|Fib||6|187,q_entry_add_04214_b,0,0,0,0,0,0,0,0,0,0,0
Karnataka,Addition|3-digit Addition with carry|Fib||725|109,q_add_04220_b,1,0,0,0,0,0,0,0,0,0,0
Karnataka,Addition|3-digit Addition with carry|Fib||729|119,q_add_80028_b,0,1,0,0,0,0,0,0,0,0,0
Karnataka,Addition|3-digit Addition with carry|Fib||745|245,q_add_00864_b,0,1,0,0,0,0,0,0,0,0,0
Karnataka,Addition|3-digit Addition with carry|Fib||812|39,q_add_04217_b,0,0,0,0,0,0,0,0,0,0,0
Karnataka,Addition|3-digit Addition with carry|Fib||89|78,q_add_04213_b,0,0,0,0,0,0,0,0,0,0,0
Karnataka,Addition|3-digit Addition with carry|Fib||89|826,q_add_04219_b,0,0,0,0,0,0,0,0,0,0,0
Karnataka,Addition|3-digit Addition with carry|Fib||94|9,q_add_00866_b,0,0,0,0,0,0,0,0,0,0,0
Karnataka,Addition|3-digit Addition with carry|Fib||9|199,q_add_80032_b,0,1,0,0,0,0,0,0,0,0,0
Karnataka,Addition|3-digit Addition with carry|Fib||9|99,q_add_04215_b,0,1,0,0,0,0,0,0,0,0,0
Karnataka,Addition|3-digit Addition without carry|Fib||189|10,q_add_00788_b,1,0,0,0,0,0,0,0,0,0,0
Karnataka,Addition|3-digit Addition without carry|Fib||201|292,q_add_04223_b,1,1,0,0,0,0,0,0,0,0,0
Karnataka,Addition|3-digit Addition without carry|Fib||21|328,q_add_04216_b,0,1,0,0,0,0,0,0,0,0,0
Karnataka,Addition|3-digit Addition without carry|Fib||21|348,q_add_80026_b,0,0,0,0,0,0,0,0,0,0,0
Karnataka,Addition|3-digit Addition without carry|Fib||231|407,q_add_80025_b,1,0,0,0,0,0,0,0,0,0,0
Karnataka,Addition|3-digit Addition without carry|Fib||300|500,q_add_04221_b,0,0,0,0,0,0,0,0,0,0,0
Karnataka,Addition|3-digit Addition without carry|Fib||415|550,q_add_04222_b,1,0,0,0,0,0,0,0,0,0,0
Karnataka,Addition|3-digit Addition without carry|Fib||415|553,q_entry_add_80024_b,0,0,0,0,0,0,0,0,0,0,0
Karnataka,Addition|3-digit Addition without carry|Fib||732|230,q_add_00786_b,1,1,0,0,0,0,0,0,0,0,0
Karnataka,Addition|3-digit Addition without carry|Fib||7|602,q_add_00787_b,0,0,0,0,0,0,0,0,0,0,0
Karnataka,Addition|3-digit Addition without carry|Fib||900|9,q_add_04212_b,1,0,0,0,0,0,0,0,0,0,0
Karnataka,Addition|4-digit Addition with carry|Fib||1462|7929,q_add_06005_b2,0,0,0,0,0,0,0,0,0,0,0
Karnataka,Addition|4-digit Addition with carry|Fib||1462|7939,q_entry_add_80037_b,0,0,0,0,0,0,0,0,0,0,0
Karnataka,Addition|4-digit Addition with carry|Fib||1543|490,q_add_01210_b,1,0,0,0,0,0,0,0,0,0,0
Karnataka,Addition|4-digit Addition with carry|Fib||29|1509,q_add_01209_b,1,1,0,0,0,0,0,0,0,0,0
Karnataka,Addition|4-digit Addition with carry|Fib||3549|4929,q_add_80036_b,0,1,0,0,0,0,0,0,0,0,0
Karnataka,Addition|4-digit Addition with carry|Fib||3581|4909,q_add_04235_b,1,0,0,0,0,0,0,0,0,0,0
Karnataka,Addition|4-digit Addition with carry|Fib||4568|794,q_add_80039_b,0,0,0,0,0,0,0,0,0,0,0
Karnataka,Addition|4-digit Addition with carry|Fib||546|8732,q_add_80041_b,0,0,0,0,0,0,0,0,0,0,0
Karnataka,Addition|4-digit Addition with carry|Fib||546|8736,q_add_04231_b,0,1,0,0,0,0,0,0,0,0,0
Karnataka,Addition|4-digit Addition with carry|Fib||5738|2727,q_entry_add_04232_b,0,1,0,0,0,0,0,0,0,0,0
Karnataka,Addition|4-digit Addition with carry|Fib||5|3475,q_add_06004_b2,0,1,0,0,0,0,0,0,0,0,0
Karnataka,Addition|4-digit Addition with carry|Fib||5|3495,q_add_04225_b,0,1,0,0,0,0,0,0,0,0,0
Karnataka,Addition|4-digit Addition with carry|Fib||62|8887,q_add_04227_b,0,0,0,0,0,0,0,0,0,0,0
Karnataka,Addition|4-digit Addition with carry|Fib||6634|2576,q_add_04233_b,0,0,0,0,0,0,0,0,0,0,0
Karnataka,Addition|4-digit Addition with carry|Fib||6941|390,q_add_04230_b,1,0,0,0,0,0,0,0,0,0,0
Karnataka,Addition|4-digit Addition with carry|Fib||6954|324,q_add_80040_b,0,1,0,0,0,0,0,0,0,0,0
Karnataka,Addition|4-digit Addition with carry|Fib||7658|22,q_add_01207_b,0,0,0,0,0,0,0,0,0,0,0
Karnataka,Addition|4-digit Addition with carry|Fib||7713|17,q_add_04226_b,0,1,0,0,0,0,0,0,0,0,0
Karnataka,Addition|4-digit Addition with carry|Fib||7713|47,q_add_80038_b,0,0,0,0,0,0,0,0,0,0,0
Karnataka,Addition|4-digit Addition with carry|Fib||7|1394,q_add_01208_b,0,0,0,0,0,0,0,0,0,0,0
Karnataka,Addition|4-digit Addition with carry|Fib||7|3495,q_entry_add_80042_b,0,0,0,0,0,0,0,0,0,0,0
Karnataka,Addition|4-digit Addition with carry|Fib||998|88,q_add_04224_b,0,1,0,0,0,0,0,0,0,0,0
Karnataka,Addition|4-digit Addition without carry|Fib||1000|7000,q_add_01030_b,0,0,0,0,0,0,0,0,0,0,0
Karnataka,Addition|4-digit Addition without carry|Fib||1260|2,q_add_01026_b,1,0,0,0,0,0,0,0,0,0,0
Karnataka,Addition|4-digit Addition without carry|Fib||1543|2043,q_add_01206_b,1,1,0,0,0,0,0,0,0,0,0
Karnataka,Addition|4-digit Addition without carry|Fib||2075|220,q_add_01205_b,1,0,0,0,0,0,0,0,0,0,0
Karnataka,Addition|4-digit Addition without carry|Fib||22|3577,q_add_01032_b,0,0,0,0,0,0,0,0,0,0,0
Karnataka,Addition|4-digit Addition without carry|Fib||281|4406,q_add_06003_b2,1,0,0,0,0,0,0,0,0,0,0
Karnataka,Addition|4-digit Addition without carry|Fib||281|4416,q_add_80035_b,0,0,0,0,0,0,0,0,0,0,0
Karnataka,Addition|4-digit Addition without carry|Fib||401|1503,q_add_04229_b,0,0,0,0,0,0,0,0,0,0,0
Karnataka,Addition|4-digit Addition without carry|Fib||41|1503,q_add_06002_b2,1,0,0,0,0,0,0,0,0,0,0
Karnataka,Addition|4-digit Addition without carry|Fib||41|1653,q_add_80034_b,0,0,0,0,0,0,0,0,0,0,0
Karnataka,Addition|4-digit Addition without carry|Fib||4226|521,q_add_01029_b,0,1,0,0,0,0,0,0,0,0,0
Karnataka,Addition|4-digit Addition without carry|Fib||5013|4,q_add_06001_b2,0,0,0,0,0,0,0,0,0,0,0
Karnataka,Addition|4-digit Addition without carry|Fib||5013|814,q_add_04228_b,1,1,0,0,0,0,0,0,0,0,0
Karnataka,Addition|4-digit Addition without carry|Fib||5091|905,q_add_01031_b,1,0,0,0,0,0,0,0,0,0,0
Karnataka,Addition|4-digit Addition without carry|Fib||5227|3361,q_add_01028_b,0,0,0,0,0,0,0,0,0,0,0
Karnataka,Addition|4-digit Addition without carry|Fib||5283|704,q_add_80033_b,1,0,0,0,0,0,0,0,0,0,0
Karnataka,Addition|4-digit Addition without carry|Fib||5443|1004,q_add_01025_b,1,0,0,0,0,0,0,0,0,0,0
Karnataka,Addition|4-digit Addition without carry|Fib||6000|3350,q_entry_add_04234_b,1,0,0,0,0,0,0,0,0,0,0
Karnataka,Addition|4-digit Addition without carry|Fib||6|3053,q_add_01033_b,0,0,0,0,0,0,0,0,0,0,0
Karnataka,Addition|4-digit Addition without carry|Fib||8102|37,q_add_01027_b,1,0,0,0,0,0,0,0,0,0,0
Karnataka,Addition|5-digit Addition with carry|Fib||13544|504,q_add_04241_b,1,1,0,0,0,0,0,0,0,0,0
Karnataka,Addition|5-digit Addition with carry|Fib||13544|923,q_add_80049_b,0,0,0,0,0,0,0,0,0,0,0
Karnataka,Addition|5-digit Addition with carry|Fib||13|78987,q_add_04240_b,0,0,0,0,0,0,0,0,0,0,0
Karnataka,Addition|5-digit Addition with carry|Fib||16464|75897,q_entry_add_04247_b,0,0,0,0,0,0,0,0,0,0,0
Karnataka,Addition|5-digit Addition with carry|Fib||19|78987,q_add_06009_b2,0,0,0,0,0,0,0,0,0,0,0
Karnataka,Addition|5-digit Addition with carry|Fib||356|51237,q_add_01477_b,0,0,0,0,0,0,0,0,0,0,0
Karnataka,Addition|5-digit Addition with carry|Fib||3600|23500,q_add_01472_b,0,1,0,0,0,0,0,0,0,0,0
Karnataka,Addition|5-digit Addition with carry|Fib||399|20222,q_add_01473_b,0,0,0,0,0,0,0,0,0,0,0
Karnataka,Addition|5-digit Addition with carry|Fib||600|12600,q_add_01478_b,0,1,0,0,0,0,0,0,0,0,0
Karnataka,Addition|5-digit Addition with carry|Fib||6275|20008,q_add_04242_b,1,0,0,0,0,0,0,0,0,0,0
Karnataka,Addition|5-digit Addition with carry|Fib||6275|23218,q_entry_add_80050_b,0,1,0,0,0,0,0,0,0,0,0
Karnataka,Addition|5-digit Addition with carry|Fib||67435|21326,q_add_01471_b,0,0,0,0,0,0,0,0,0,0,0
Karnataka,Addition|5-digit Addition with carry|Fib||67567|13712,q_add_01474_b,0,0,0,0,0,0,0,0,0,0,0
Karnataka,Addition|5-digit Addition with carry|Fib||68020|28281,q_add_04246_b,1,1,0,0,0,0,0,0,0,0,0
Karnataka,Addition|5-digit Addition with carry|Fib||68324|27284,q_add_80048_b,0,1,0,0,0,0,0,0,0,0,0
Karnataka,Addition|5-digit Addition with carry|Fib||69402|11901,q_add_04245_b,0,0,0,0,0,0,0,0,0,0,0
Karnataka,Addition|5-digit Addition with carry|Fib||69472|11954,q_add_80047_b,0,0,0,0,0,0,0,0,0,0,0
Karnataka,Addition|5-digit Addition with carry|Fib||7093|6471,q_add_06008_b2,1,0,0,0,0,0,0,0,0,0,0
Karnataka,Addition|5-digit Addition with carry|Fib||7093|69711,q_add_04243_b,1,0,0,0,0,0,0,0,0,0,0
Karnataka,Addition|5-digit Addition with carry|Fib||7193|69614,q_add_80051_b,0,0,0,0,0,0,0,0,0,0,0
Karnataka,Addition|5-digit Addition with carry|Fib||79283|2333,q_add_04244_b,0,1,0,0,0,0,0,0,0,0,0
Karnataka,Addition|5-digit Addition with carry|Fib||89654|620,q_add_01470_b,1,1,0,0,0,0,0,0,0,0,0
Karnataka,Addition|5-digit Addition with carry|Fib||89999|1,q_add_04238_b,0,0,0,0,0,0,0,0,0,0,0
Karnataka,Addition|5-digit Addition with carry|Fib||8|24563,q_entry_add_04237_b,0,0,0,0,0,0,0,0,0,0,0
Karnataka,Addition|5-digit Addition with carry|Fib||8|41293,q_add_01475_b,0,0,0,0,0,0,0,0,0,0,0
Karnataka,Addition|5-digit Addition without carry|Fib||1028|24561,q_add_06006_b2,1,0,0,0,0,0,0,0,0,0,0
Karnataka,Addition|5-digit Addition without carry|Fib||1328|24561,q_add_80046_b,0,0,0,0,0,0,0,0,0,0,0
Karnataka,Addition|5-digit Addition without carry|Fib||18631|1021,q_add_01279_b,1,1,0,0,0,0,0,0,0,0,0
Karnataka,Addition|5-digit Addition without carry|Fib||30790|30107,q_add_01282_b,1,1,0,0,0,0,0,0,0,0,0
Karnataka,Addition|5-digit Addition without carry|Fib||43562|4,q_add_04236_b,0,0,0,0,0,0,0,0,0,0,0
Karnataka,Addition|5-digit Addition without carry|Fib||44514|13,q_add_01278_b,0,1,0,0,0,0,0,0,0,0,0
Karnataka,Addition|5-digit Addition without carry|Fib||51404|2573,q_add_01281_b,1,0,0,0,0,0,0,0,0,0,0
Karnataka,Addition|5-digit Addition without carry|Fib||52314|50,q_add_80044_b,1,0,0,0,0,0,0,0,0,0,0
Karnataka,Addition|5-digit Addition without carry|Fib||52314|54,q_add_04239_b,0,1,0,0,0,0,0,0,0,0,0
Karnataka,Addition|5-digit Addition without carry|Fib||525|53231,q_add_01280_b,0,0,0,0,0,0,0,0,0,0,0
Karnataka,Addition|5-digit Addition without carry|Fib||56472|42326,q_entry_add_80043_b,0,0,0,0,0,0,0,0,0,0,0
Karnataka,Addition|5-digit Addition without carry|Fib||6|85540,q_add_01277_b,1,0,0,0,0,0,0,0,0,0,0
Karnataka,Addition|5-digit Addition without carry|Fib||76543|12356,q_add_01476_b,0,0,0,0,0,0,0,0,0,0,0
Karnataka,Addition|5-digit Addition without carry|Fib||89078|120,q_add_06007_b2,1,0,0,0,0,0,0,0,0,0,0
Karnataka,Addition|5-digit Addition without carry|Fib||89078|621,q_add_80045_b,1,0,0,0,0,0,0,0,0,0,0
Karnataka,Division|1D/2D by 1D without remainder|Fib||36|3|False,q_entry_div_00611_b,0,0,0,0,0,0,0,0,0,0,0
Karnataka,Division|1D/2D by 1D without remainder|Fib||40|2|False,q_div_02235_b,0,0,0,0,0,0,0,1,0,0,0
Karnataka,Division|1D/2D by 1D without remainder|Fib||48|4|False,q_div_80003_b,0,0,0,0,0,0,0,0,0,0,0
Karnataka,Division|1D/2D by 1D without remainder|Fib||50|5|False,q_div_02236_b,0,0,0,0,0,0,0,1,0,0,0
Karnataka,Division|1D/2D by 1D without remainder|Fib||60|5|False,q_div_00612_b,0,0,0,0,0,0,0,1,0,0,0
Karnataka,Division|1D/2D by 1D without remainder|Fib||64|4|False,q_div_80007_b,0,0,0,0,0,0,0,0,0,0,0
Karnataka,Division|1D/2D by 1D without remainder|Fib||70|5|False,q_div_02245_b,0,0,0,0,0,0,0,1,0,0,0
Karnataka,Division|1D/2D by 1D without remainder|Fib||72|6|False,q_div_80006_b,0,0,0,0,0,0,0,0,0,0,0
Karnataka,Division|1D/2D by 1D without remainder|Fib||75|3|False,q_div_00528_b,0,0,0,0,0,0,0,0,0,0,0
Karnataka,Division|1D/2D by 1D without remainder|Fib||77|7|False,q_entry_div_80004_b,0,0,0,0,0,0,0,0,0,0,0
Karnataka,Division|1D/2D by 1D without remainder|Fib||78|3|False,q_div_02242_b,0,0,0,0,0,0,0,0,0,0,0
Karnataka,Division|1D/2D by 1D without remainder|Fib||80|2|False,q_div_02231_b,0,0,0,0,0,0,0,1,0,0,0
Karnataka,Division|1D/2D by 1D without remainder|Fib||80|4|False,q_div_00468_b,0,0,0,0,0,0,0,1,0,0,0
Karnataka,Division|1D/2D by 1D without remainder|Fib||84|7|False,q_div_02246_b,0,0,0,0,0,0,0,0,0,0,0
Karnataka,Division|1D/2D by 1D without remainder|Fib||90|6|False,q_div_80005_b,0,0,0,0,0,0,0,1,0,0,0
Karnataka,Division|1D/2D by 1D without remainder|Fib||90|9|False,q_div_02243_b,0,0,0,0,0,0,0,1,0,0,0
Karnataka,Division|1D/2D by 1D without remainder|Fib||92|4|False,q_div_02244_b,0,0,0,0,0,0,0,0,0,0,0
Karnataka,Division|1D/2D by 1D without remainder|Fib||96|3|False,q_div_02237_b,0,0,0,0,0,0,0,0,0,0,0
Karnataka,Division|1D/2D by 1D without remainder|Fib||96|8|False,q_entry_div_80008_b,0,0,0,0,0,0,0,0,0,0,0
Karnataka,Division|1D/2D/3D by 1D with remainder|Fib||289|7|True,q_div_02396_b,0,0,0,0,0,0,0,0,0,0,0
Karnataka,Division|1D/2D/3D by 1D with remainder|Fib||301|3|True,q_div_02394_b,0,0,0,0,0,0,0,0,1,0,0
Karnataka,Division|1D/2D/3D by 1D with remainder|Fib||313|6|True,q_div_02475_b,0,0,0,0,0,0,0,0,0,0,0
Karnataka,Division|1D/2D/3D by 1D with remainder|Fib||321|2|True,q_div_01285_b,0,0,0,0,0,0,0,0,0,1,0
Karnataka,Division|1D/2D/3D by 1D with remainder|Fib||329|2|True,q_div_80013_b,0,0,0,0,0,0,0,0,0,0,0
Karnataka,Division|1D/2D/3D by 1D with remainder|Fib||400|3|True,q_entry_div_01281_b,0,0,0,0,0,0,0,1,1,0,0
Karnataka,Division|1D/2D/3D by 1D with remainder|Fib||41|4|True,q_div_01276_b,0,0,0,0,0,0,0,0,0,1,0
Karnataka,Division|1D/2D/3D by 1D with remainder|Fib||438|5|True,q_div_02399_b,0,0,0,0,0,0,0,0,0,0,0
Karnataka,Division|1D/2D/3D by 1D with remainder|Fib||45|2|True,q_div_02472_b,0,0,0,0,0,0,0,0,0,0,0
Karnataka,Division|1D/2D/3D by 1D with remainder|Fib||567|5|True,q_div_02395_b,0,0,0,0,0,0,0,0,0,0,0
Karnataka,Division|1D/2D/3D by 1D with remainder|Fib||60|9|True,q_div_01277_b,0,0,0,0,0,0,0,1,0,0,0
Karnataka,Division|1D/2D/3D by 1D with remainder|Fib||700|6|True,q_div_02398_b,0,0,0,0,0,0,0,1,1,0,0
Karnataka,Division|1D/2D/3D by 1D with remainder|Fib||80|7|True,q_div_01278_b,0,0,0,0,0,0,0,1,0,0,0
Karnataka,Division|1D/2D/3D by 1D with remainder|Fib||849|2|True,q_div_02474_b,0,0,0,0,0,0,0,0,0,0,0
Karnataka,Division|1D/2D/3D by 1D with remainder|Fib||888|9|True,q_div_02476_b,0,0,0,0,0,0,0,0,0,0,0
Karnataka,Division|1D/2D/3D by 1D with remainder|Fib||89|7|True,q_div_80012_b,0,0,0,0,0,0,0,0,0,0,0
Karnataka,Division|1D/2D/3D by 1D with remainder|Fib||8|3|True,q_div_00948_b,0,0,0,0,0,0,0,0,0,0,0
Karnataka,Division|1D/2D/3D by 1D with remainder|Fib||915|4|True,q_div_02397_b,0,0,0,0,0,0,0,0,0,0,0
Karnataka,Division|1D/2D/3D by 1D with remainder|Fib||91|7|True,q_div_00571_b,0,0,0,0,0,0,0,0,0,0,0
Karnataka,Division|1D/2D/3D by 1D with remainder|Fib||95|9|True,q_div_02483_b,0,0,0,0,0,0,0,0,0,1,0
Karnataka,Division|1D/2D/3D by 1D with remainder|Fib||98|3|True,q_div_02473_b,0,0,0,0,0,0,0,0,0,0,0
Karnataka,Division|2D/3D/4D/5D by 2D with and without remainder|Fib||10000|12|True,q_div_06006_b2,0,0,0,0,0,0,0,1,1,0,0
Karnataka,Division|2D/3D/4D/5D by 2D with and without remainder|Fib||1000|13|True,q_div_01770_b,0,0,0,0,0,0,0,1,1,0,0
Karnataka,Division|2D/3D/4D/5D by 2D with and without remainder|Fib||1149|14|True,q_div_80030_b,0,0,0,0,0,0,0,0,0,0,0
Karnataka,Division|2D/3D/4D/5D by 2D with and without remainder|Fib||120|13|True,q_div_02639_b,0,0,0,0,0,0,0,1,0,0,0
Karnataka,Division|2D/3D/4D/5D by 2D with and without remainder|Fib||161|15|True,q_div_01767_b,0,0,0,0,0,0,0,0,0,1,0
Karnataka,Division|2D/3D/4D/5D by 2D with and without remainder|Fib||169|15|True,q_div_80029_b,0,0,0,0,0,0,0,0,0,0,0
Karnataka,Division|2D/3D/4D/5D by 2D with and without remainder|Fib||182|13|True,q_entry_div_80025_b,0,0,0,0,0,0,0,0,0,0,0
Karnataka,Division|2D/3D/4D/5D by 2D with and without remainder|Fib||200|10|True,q_div_01766_b,0,0,0,0,0,0,0,1,1,0,0
Karnataka,Division|2D/3D/4D/5D by 2D with and without remainder|Fib||28644|14|True,q_div_01773_b,0,0,0,0,0,0,0,0,0,0,1
Karnataka,Division|2D/3D/4D/5D by 2D with and without remainder|Fib||40|13|True,q_div_01765_b,0,0,0,0,0,0,0,1,0,0,0
Karnataka,Division|2D/3D/4D/5D by 2D with and without remainder|Fib||46|13|True,q_entry_div_80028_b,0,0,0,0,0,0,0,0,0,0,0
Karnataka,Division|2D/3D/4D/5D by 2D with and without remainder|Fib||47520|11|True,q_div_80026_b,0,0,0,0,0,0,0,1,0,0,0
Karnataka,Division|2D/3D/4D/5D by 2D with and without remainder|Fib||52523|15|True,q_div_02640_b,0,0,0,0,0,0,0,0,0,0,1
Karnataka,Division|2D/3D/4D/5D by 2D with and without remainder|Fib||5322|14|True,q_div_01769_b,0,0,0,0,0,0,0,0,0,1,0
Karnataka,Division|2D/3D/4D/5D by 2D with and without remainder|Fib||53717|15|True,q_entry_div_01774_b,0,0,0,0,0,0,0,0,0,0,0
Karnataka,Division|2D/3D/4D/5D by 2D with and without remainder|Fib||5482|10|True,q_div_01768_b,0,0,0,0,0,0,0,0,0,0,0
Karnataka,Division|2D/3D/4D/5D by 2D with and without remainder|Fib||5482|11|True,q_div_06005_b2,0,0,0,0,0,0,0,0,0,0,0
Karnataka,Division|2D/3D/4D/5D by 2D with and without remainder|Fib||85656|12|True,q_div_80027_b,0,0,0,0,0,0,0,0,0,0,0
Karnataka,Division|2D/3D/4D/5D by 2D with and without remainder|Fib||9156|13|True,q_div_02637_b,0,0,0,0,0,0,0,0,0,0,1
Karnataka,Division|2D/3D/4D/5D by 2D with and without remainder|Fib||9999|11|True,q_div_02641_b,0,0,0,0,0,0,0,0,0,0,1
Karnataka,Division|3D by 1D without remainder|Fib||102|3|True,q_div_01280_b,0,0,0,0,0,0,0,0,1,0,0
Karnataka,Division|3D by 1D without remainder|Fib||111|3|True,q_div_80010_b,0,0,0,0,0,0,0,0,0,0,0
Karnataka,Division|3D by 1D without remainder|Fib||204|2|True,q_div_01279_b,0,0,0,0,0,0,0,0,1,0,0
Karnataka,Division|3D by 1D without remainder|Fib||400|5|True,q_div_01282_b,0,0,0,0,0,0,0,1,1,0,0
Karnataka,Division|3D by 1D without remainder|Fib||450|5|True,q_div_80009_b,0,0,0,0,0,0,0,1,0,0,0
Karnataka,Division|3D by 1D without remainder|Fib||592|4|True,q_div_01283_b,0,0,0,0,0,0,0,0,0,0,0
Karnataka,Division|3D by 1D without remainder|Fib||648|4|True,q_entry_div_01284_b,0,0,0,0,0,0,0,0,0,0,0
Karnataka,Division|3D by 1D without remainder|Fib||675|5|True,q_div_02478_b,0,0,0,0,0,0,0,0,0,0,0
Karnataka,Division|3D by 1D without remainder|Fib||756|9|False,q_div_02347_b,0,0,0,0,0,0,0,0,0,0,0
Karnataka,Division|3D by 1D without remainder|Fib||791|7|False,q_div_02348_b,0,0,0,0,0,0,0,0,0,0,0
Karnataka,Division|3D by 1D without remainder|Fib||832|8|True,q_div_01286_b,0,0,0,0,0,0,0,0,0,0,1
Karnataka,Division|3D by 1D without remainder|Fib||896|8|True,q_div_80011_b,0,0,0,0,0,0,0,0,0,0,0
Karnataka,Division|3D by 1D without remainder|Fib||917|7|False,q_div_02346_b,0,0,0,0,0,0,0,0,0,0,0
Karnataka,Division|4D by 1D with and without remainder|Fib||1131|8|True,q_div_02480_b,0,0,0,0,0,0,0,0,0,0,0
Karnataka,Division|4D by 1D with and without remainder|Fib||1213|3|True,q_div_01289_b,0,0,0,0,0,0,0,0,0,0,1
Karnataka,Division|4D by 1D with and without remainder|Fib||1789|7|True,q_entry_div_01288_b,0,0,0,0,0,0,0,0,0,0,0
Karnataka,Division|4D by 1D with and without remainder|Fib||2078|5|True,q_div_02477_b,0,0,0,0,0,0,0,0,1,0,0
Karnataka,Division|4D by 1D with and without remainder|Fib||3212|2|True,q_div_06001_b2,0,0,0,0,0,0,0,0,0,0,1
Karnataka,Division|4D by 1D with and without remainder|Fib||3747|9|True,q_entry_div_80021_b,0,0,0,0,0,0,0,0,0,0,0
Karnataka,Division|4D by 1D with and without remainder|Fib||3850|7|True,q_div_02479_b,0,0,0,0,0,0,0,1,0,0,0
Karnataka,Division|4D by 1D with and without remainder|Fib||4682|2|True,q_div_80014_b,0,0,0,0,0,0,0,0,0,0,0
Karnataka,Division|4D by 1D with and without remainder|Fib||5649|3|True,q_div_80017_b,0,0,0,0,0,0,0,0,0,0,0
Karnataka,Division|4D by 1D with and without remainder|Fib||6003|6|True,q_div_01287_b,0,0,0,0,0,0,0,0,1,0,0
Karnataka,Division|4D by 1D with and without remainder|Fib||6012|6|True,q_div_06002_b2,0,0,0,0,0,0,0,0,1,0,0
Karnataka,Division|4D by 1D with and without remainder|Fib||6144|3|True,q_div_02482_b,0,0,0,0,0,0,0,0,0,0,1
Karnataka,Division|4D by 1D with and without remainder|Fib||6376|8|True,q_div_80016_b,0,0,0,0,0,0,0,0,0,0,0
Karnataka,Division|4D by 1D with and without remainder|Fib||7004|6|True,q_entry_div_80019_b,0,0,0,0,0,0,0,0,1,0,0
Karnataka,Division|4D by 1D with and without remainder|Fib||7296|6|True,q_div_02481_b,0,0,0,0,0,0,0,0,0,0,0
Karnataka,Division|4D by 1D with and without remainder|Fib||8532|7|True,q_div_80020_b,0,0,0,0,0,0,0,0,0,0,0
Karnataka,Division|4D by 1D with and without remainder|Fib||8570|5|True,q_div_80018_b,0,0,0,0,0,0,0,1,0,0,0
Karnataka,Division|4D by 1D with and without remainder|Fib||9996|4|True,q_div_80015_b,0,0,0,0,0,0,0,0,0,0,0
Karnataka,Division|5D by 1D with and without remainder|Fib||11465|6|True,q_div_02535_b,0,0,0,0,0,0,0,0,0,1,0
Karnataka,Division|5D by 1D with and without remainder|Fib||11935|5|True,q_div_02536_b,0,0,0,0,0,0,0,0,0,0,0
Karnataka,Division|5D by 1D with and without remainder|Fib||15428|9|True,q_div_02642_b,0,0,0,0,0,0,0,0,0,0,0
Karnataka,Division|5D by 1D with and without remainder|Fib||28462|2|True,q_div_80022_b,0,0,0,0,0,0,0,0,0,0,0
Karnataka,Division|5D by 1D with and without remainder|Fib||28644|3|True,q_div_06003_b2,0,0,0,0,0,0,0,0,0,0,0
Karnataka,Division|5D by 1D with and without remainder|Fib||50400|6|True,q_div_02638_b,0,0,0,0,0,0,0,1,1,0,0
Karnataka,Division|5D by 1D with and without remainder|Fib||51161|5|True,q_div_06004_b2,0,0,0,0,0,0,0,0,0,0,1
Karnataka,Division|5D by 1D with and without remainder|Fib||64296|6|True,q_div_01771_b,0,0,0,0,0,0,0,0,0,0,1
Karnataka,Division|5D by 1D with and without remainder|Fib||76540|8|True,q_div_80023_b,0,0,0,0,0,0,0,1,0,0,0
Karnataka,Division|5D by 1D with and without remainder|Fib||78309|7|True,q_div_02537_b,0,0,0,0,0,0,0,0,1,0,0
Karnataka,Division|5D by 1D with and without remainder|Fib||83818|9|True,q_entry_div_80024_b,0,0,0,0,0,0,0,0,0,0,0
Karnataka,Division|5D by 1D with and without remainder|Fib||94721|7|True,q_div_01772_b,0,0,0,0,0,0,0,0,0,0,0
Karnataka,Division|Division using Distribution|Fib||10|2|False,q_div_00100_b,0,0,0,0,0,0,0,1,0,0,0
Karnataka,Division|Division using Distribution|Fib||10|5|False,q_entry_div_00086_b,0,0,0,0,0,0,0,1,0,0,0
Karnataka,Division|Division using Distribution|Fib||12|3|False,q_entry_div_00085_b,0,0,0,0,0,0,0,0,0,0,0
Karnataka,Division|Division using Distribution|Fib||12|4|False,q_div_00104_b,0,0,0,0,0,0,0,0,0,0,0
Karnataka,Division|Division using Distribution|Fib||15|3|False,q_div_02034_b,0,0,0,0,0,0,0,0,0,0,0
Karnataka,Division|Division using Distribution|Fib||15|5|False,q_div_02032_b,0,0,0,0,0,0,0,0,0,0,0
Karnataka,Division|Division using Distribution|Fib||16|4|False,q_div_02033_b,0,0,0,0,0,0,0,0,0,0,0
Karnataka,Division|Division using Distribution|Fib||2|2|False,q_entry_div_00073_b,0,0,0,0,0,0,0,0,0,0,0
Karnataka,Division|Division using Distribution|Fib||5|5|False,q_div_00072_b,0,0,0,0,0,0,0,0,0,0,0
Karnataka,Division|Division using Distribution|Fib||6|2|False,q_div_00050_b,0,0,0,0,0,0,0,0,0,0,0
Karnataka,Division|Division using Distribution|Fib||6|3|False,q_div_00074_b,0,0,0,0,0,0,0,0,0,0,0
Karnataka,Division|Division using Distribution|Fib||8|2|False,q_div_02031_b,0,0,0,0,0,0,0,0,0,0,0
Karnataka,Division|Division using Distribution|Fib||8|4|False,q_entry_div_00047_b,0,0,0,0,0,0,0,0,0,0,0
Karnataka,Division|Division using Distribution|Fib||9|3|False,q_div_00049_b,0,0,0,0,0,0,0,0,0,0,0
Karnataka,Division|Relationship between Multiplication and Division|Fib||14|7|False,q_div_02081_b,0,0,0,0,0,0,0,0,0,0,0
Karnataka,Division|Relationship between Multiplication and Division|Fib||16|8|False,q_div_02084_b,0,0,0,0,0,0,0,0,0,0,0
Karnataka,Division|Relationship between Multiplication and Division|Fib||18|6|False,q_div_00242_b,0,0,0,0,0,0,0,0,0,0,0
Karnataka,Division|Relationship between Multiplication and Division|Fib||18|9|False,q_div_02082_b,0,0,0,0,0,0,0,0,0,0,0
Karnataka,Division|Relationship between Multiplication and Division|Fib||27|9|False,q_div_02085_b,0,0,0,0,0,0,0,0,0,0,0
Karnataka,Division|Relationship between Multiplication and Division|Fib||28|7|False,q_div_02086_b,0,0,0,0,0,0,0,0,0,0,0
Karnataka,Division|Relationship between Multiplication and Division|Fib||32|8|False,q_div_02088_b,0,0,0,0,0,0,0,0,0,0,0
Karnataka,Division|Relationship between Multiplication and Division|Fib||40|8|False,q_entry_div_80002_b,0,0,0,0,0,0,0,1,0,0,0
Karnataka,Division|Relationship between Multiplication and Division|Fib||42|7|False,q_div_02083_b,0,0,0,0,0,0,0,0,0,0,0
Karnataka,Division|Relationship between Multiplication and Division|Fib||48|8|False,q_div_02087_b,0,0,0,0,0,0,0,0,0,0,0
Karnataka,Division|Relationship between Multiplication and Division|Fib||4|2|False,q_div_00387_b,0,0,0,0,0,0,0,0,0,0,0
Karnataka,Division|Relationship between Multiplication and Division|Fib||7|7|False,q_div_00279_b,0,0,0,0,0,0,0,0,0,0,0
Karnataka,Multiplication|2D x 1D|Fib||12|4,q_mul_00824_b,0,0,0,0,0,0,0,0,0,0,0
Karnataka,Multiplication|2D x 1D|Fib||23|9,q_mul_0341_b,0,0,0,0,0,0,0,0,0,0,0
Karnataka,Multiplication|2D x 1D|Fib||25|3,q_entry_mul_01083_b,0,0,0,0,0,0,0,0,0,0,0
Karnataka,Multiplication|2D x 1D|Fib||33|6,q_mul_0248_b,0,0,0,0,0,0,0,0,0,0,0
Karnataka,Multiplication|2D x 1D|Fib||34|2,q_mul_80012_b,0,0,0,0,0,0,0,0,0,0,0
Karnataka,Multiplication|2D x 1D|Fib||34|5,q_mul_0243_b,0,0,0,0,0,0,0,0,0,0,0
Karnataka,Multiplication|2D x 1D|Fib||34|8,q_mul_0241_b,0,0,0,0,0,0,0,0,0,0,0
Karnataka,Multiplication|2D x 1D|Fib||40|8,q_mul_00902_b,0,0,0,0,0,0,1,0,0,0,0
Karnataka,Multiplication|2D x 1D|Fib||42|5,q_mul_0239_b,0,0,0,0,0,0,0,0,0,0,0
Karnataka,Multiplication|2D x 1D|Fib||46|6,q_mul_0245_b,0,0,0,0,0,1,0,0,0,0,0
Karnataka,Multiplication|2D x 1D|Fib||53|5,q_mul_0240_b,0,0,0,0,0,1,0,0,0,0,0
Karnataka,Multiplication|2D x 1D|Fib||63|3,q_mul_0247_b,0,0,0,0,0,1,0,0,0,0,0
Karnataka,Multiplication|2D x 1D|Fib||74|2,q_mul_0339_b,0,0,0,0,0,0,0,0,0,0,0
Karnataka,Multiplication|2D x 1D|Fib||83|3,q_mul_0249_b,0,0,0,0,0,1,0,0,0,0,0
Karnataka,Multiplication|2D x 1D|Fib||83|9,q_mul_0246_b,0,0,0,0,0,0,0,0,0,0,0
Karnataka,Multiplication|2D x 1D|Fib||93|4,q_mul_0244_b,0,0,0,0,0,0,0,0,0,0,0
Karnataka,Multiplication|2D x 1D|Fib||93|6,q_mul_0242_b,0,0,0,0,0,0,0,0,0,0,0
Karnataka,Multiplication|2D x 1D|Fib||99|9,q_mul_01084_b,0,0,0,0,0,1,0,0,0,0,0
Karnataka,Multiplication|2D x 2D|Fib||15|30,q_mul_0344_b,0,0,0,0,0,0,1,0,0,0,0
Karnataka,Multiplication|2D x 2D|Fib||19|17,q_mul_0338_b,0,0,0,0,0,0,0,0,0,0,0
Karnataka,Multiplication|2D x 2D|Fib||21|37,q_mul_0347_b,0,0,0,0,0,0,0,0,0,0,0
Karnataka,Multiplication|2D x 2D|Fib||23|32,q_entry_mul_80013_b,0,0,0,0,0,1,0,0,0,0,0
Karnataka,Multiplication|2D x 2D|Fib||23|33,q_mul_0337_b,0,0,0,0,0,1,0,0,0,0,0
Karnataka,Multiplication|2D x 2D|Fib||24|13,q_mul_80015_b,0,0,0,0,0,0,0,0,0,0,0
Karnataka,Multiplication|2D x 2D|Fib||24|30,q_mul_0349_b,0,0,0,0,0,0,1,0,0,0,0
Karnataka,Multiplication|2D x 2D|Fib||28|12,q_mul_0348_b,0,0,0,0,0,1,0,0,0,0,0
Karnataka,Multiplication|2D x 2D|Fib||28|15,q_mul_01088_b,0,0,0,0,0,0,0,0,0,0,0
Karnataka,Multiplication|2D x 2D|Fib||30|20,q_entry_mul_01085_b,0,0,0,0,0,0,1,0,0,0,0
Karnataka,Multiplication|2D x 2D|Fib||31|12,q_mul_01087_b,0,0,0,0,0,0,0,0,0,0,0
Karnataka,Multiplication|2D x 2D|Fib||37|23,q_entry_mul_00537_b,0,0,0,0,0,1,0,0,0,0,0
Karnataka,Multiplication|2D x 2D|Fib||42|21,q_mul_80014_b,0,0,0,0,0,1,0,0,0,0,0
Karnataka,Multiplication|2D x 2D|Fib||43|12,q_mul_0346_b,0,0,0,0,0,0,0,0,0,0,0
Karnataka,Multiplication|2D x 2D|Fib||43|16,q_mul_0343_b,0,0,0,0,0,0,0,0,0,0,0
Karnataka,Multiplication|2D x 2D|Fib||50|12,q_mul_0340_b,0,0,0,0,0,0,1,0,0,0,0
Karnataka,Multiplication|2D x 2D|Fib||50|17,q_mul_01086_b,0,0,0,0,0,0,1,0,0,0,0
Karnataka,Multiplication|2D x 2D|Fib||54|18,q_mul_80016_b,0,0,0,0,0,0,0,0,0,0,0
Karnataka,Multiplication|2D x 2D|Fib||56|13,q_mul_0345_b,0,0,0,0,0,0,0,0,0,0,0
Karnataka,Multiplication|2D x 2D|Fib||65|13,q_mul_01089_b,0,0,0,0,0,0,0,0,0,0,0
Karnataka,Multiplication|3D x 1D|Fib||100|3,q_mul_01170_b,0,0,0,0,0,0,1,0,0,0,0
Karnataka,Multiplication|3D x 1D|Fib||126|8,q_mul_0500_b,0,0,0,0,0,0,0,0,0,0,0
Karnataka,Multiplication|3D x 1D|Fib||207|6,q_mul_0377_b,0,0,0,0,0,0,1,0,0,0,0
Karnataka,Multiplication|3D x 1D|Fib||216|5,q_mul_0376_b,0,0,0,0,0,0,0,0,0,0,0
Karnataka,Multiplication|3D x 1D|Fib||243|2,q_mul_80017_b,0,0,0,0,0,1,0,0,0,0,0
Karnataka,Multiplication|3D x 1D|Fib||274|4,q_mul_0379_b,0,0,0,0,0,1,0,0,0,0,0
Karnataka,Multiplication|3D x 1D|Fib||304|7,q_mul_0378_b,0,0,0,0,0,0,1,0,0,0,0
Karnataka,Multiplication|3D x 1D|Fib||321|4,q_mul_00329_b,0,0,0,0,0,0,0,0,0,0,0
Karnataka,Multiplication|3D x 1D|Fib||392|5,q_mul_0381_b,0,0,0,0,0,0,0,0,0,0,0
Karnataka,Multiplication|3D x 1D|Fib||423|7,q_mul_06001_b2,0,0,0,0,0,0,0,0,0,0,0
Karnataka,Multiplication|3D x 1D|Fib||503|4,q_mul_0382_b,0,0,0,0,0,0,1,0,0,0,0
Karnataka,Multiplication|3D x 1D|Fib||508|3,q_mul_01535_b,0,0,0,0,0,0,1,0,0,0,0
Karnataka,Multiplication|3D x 1D|Fib||569|7,q_entry_mul_80018_b,0,0,0,0,0,0,0,0,0,0,0
Karnataka,Multiplication|3D x 1D|Fib||643|5,q_mul_0380_b,0,0,0,0,0,0,0,0,0,0,0
Karnataka,Multiplication|3D x 2D|Fib||126|19,q_mul_0508_b,0,0,0,0,0,0,0,0,0,0,0
Karnataka,Multiplication|3D x 2D|Fib||134|23,q_mul_0503_b,0,0,0,0,0,1,0,0,0,0,0
Karnataka,Multiplication|3D x 2D|Fib||143|16,q_mul_0499_b,0,0,0,0,0,0,0,0,0,0,0
Karnataka,Multiplication|3D x 2D|Fib||154|24,q_mul_0504_b,0,0,0,0,0,1,0,0,0,0,0
Karnataka,Multiplication|3D x 2D|Fib||156|13,q_mul_0502_b,0,0,0,0,0,0,0,0,0,0,0
Karnataka,Multiplication|3D x 2D|Fib||157|16,q_mul_0505_b,0,0,0,0,0,0,0,0,0,0,0
Karnataka,Multiplication|3D x 2D|Fib||169|37,q_mul_80024_b,0,0,0,0,0,0,0,0,0,0,0
Karnataka,Multiplication|3D x 2D|Fib||209|35,q_mul_80021_b,0,0,0,0,0,0,1,0,0,0,0
Karnataka,Multiplication|3D x 2D|Fib||213|32,q_entry_mul_80019_b,0,0,0,0,0,1,0,0,0,0,0
Karnataka,Multiplication|3D x 2D|Fib||216|34,q_mul_80022_b,0,0,0,0,0,0,0,0,0,0,0
Karnataka,Multiplication|3D x 2D|Fib||216|39,q_mul_0507_b,0,0,0,0,0,0,0,0,0,0,0
Karnataka,Multiplication|3D x 2D|Fib||230|20,q_entry_mul_01536_b,0,0,0,0,0,1,1,0,0,0,0
Karnataka,Multiplication|3D x 2D|Fib||297|28,q_entry_mul_80025_b,0,0,0,0,0,1,0,0,0,0,0
Karnataka,Multiplication|3D x 2D|Fib||302|31,q_mul_80020_b,0,0,0,0,0,1,1,0,0,0,0
Karnataka,Multiplication|3D x 2D|Fib||309|30,q_mul_0506_b,0,0,0,0,0,1,1,0,0,0,0
Karnataka,Multiplication|3D x 2D|Fib||324|25,q_mul_0501_b,0,0,0,0,0,1,0,0,0,0,0
Karnataka,Multiplication|3D x 2D|Fib||324|26,q_mul_80023_b,0,0,0,0,0,1,0,0,0,0,0
Karnataka,Multiplication|3D x 2D|Fib||393|19,q_mul_01537_b,0,0,0,0,0,1,0,0,0,0,0
Karnataka,Multiplication|3D x 2D|Fib||423|12,q_mul_01366_b,0,0,0,0,0,1,0,0,0,0,0
Karnataka,Multiplication|3D x 2D|Fib||69|37,q_mul_01534_b,0,0,0,0,0,0,0,0,0,0,0
Karnataka,Multiplication|3D x 2D|Fib||91|62,q_mul_01533_b,0,0,0,0,0,0,0,0,0,0,0
Karnataka,Multiplication|3D x 3D|Fib||153|306,q_mul_0661_b,0,0,0,0,0,1,1,0,0,0,0
Karnataka,Multiplication|3D x 3D|Fib||230|201,q_mul_80033_b,0,0,0,0,0,1,1,0,0,0,0
Karnataka,Multiplication|3D x 3D|Fib||232|235,q_mul_0662_b,0,0,0,0,0,1,0,0,0,0,0
Karnataka,Multiplication|3D x 3D|Fib||249|348,q_mul_80038_b,0,0,0,0,0,1,0,0,0,0,0
Karnataka,Multiplication|3D x 3D|Fib||278|345,q_mul_80037_b,0,0,0,0,0,0,0,0,0,0,0
Karnataka,Multiplication|3D x 3D|Fib||312|231,q_entry_mul_80034_b,0,0,0,0,0,1,0,0,0,0,0
Karnataka,Multiplication|3D x 3D|Fib||334|285,q_mul_02010_b,0,0,0,0,0,0,0,0,0,0,0
Karnataka,Multiplication|3D x 3D|Fib||349|156,q_mul_06006_b2,0,0,0,0,0,0,0,0,0,0,0
Karnataka,Multiplication|3D x 3D|Fib||353|235,q_mul_0667_b,0,0,0,0,0,1,0,0,0,0,0
Karnataka,Multiplication|3D x 3D|Fib||376|264,q_entry_mul_80039_b,0,0,0,0,0,1,0,0,0,0,0
Karnataka,Multiplication|3D x 3D|Fib||456|142,q_mul_80035_b,0,0,0,0,0,1,0,0,0,0,0
Karnataka,Multiplication|3D x 3D|Fib||487|205,q_mul_80036_b,0,0,0,0,0,0,1,0,0,0,0
Karnataka,Multiplication|3D x 3D|Fib||748|111,q_mul_02009_b,0,0,0,0,0,0,0,0,0,0,0
Karnataka,Multiplication|3D x 3D|Fib||842|100,q_entry_mul_02008_b,0,0,0,0,0,0,1,0,0,0,0
Karnataka,Multiplication|4D x 2D|Fib||1238|18,q_mul_0666_b,0,0,0,0,0,1,0,0,0,0,0
Karnataka,Multiplication|4D x 2D|Fib||1430|47,q_mul_06005_b2,0,0,0,0,0,1,1,0,0,0,0
Karnataka,Multiplication|4D x 2D|Fib||1527|35,q_mul_06004_b2,0,0,0,0,0,1,0,0,0,0,0
Karnataka,Multiplication|4D x 2D|Fib||1748|56,q_entry_mul_80032_b,0,0,0,0,0,0,0,0,0,0,0
Karnataka,Multiplication|4D x 2D|Fib||2012|23,q_mul_80029_b,0,0,0,0,0,1,1,0,0,0,0
Karnataka,Multiplication|4D x 2D|Fib||2343|24,q_mul_0663_b,0,0,0,0,0,1,0,0,0,0,0
Karnataka,Multiplication|4D x 2D|Fib||238|18,q_mul_0664_b,0,0,0,0,0,1,0,0,0,0,0
Karnataka,Multiplication|4D x 2D|Fib||2940|14,q_mul_02006_b,0,0,0,0,0,1,1,0,0,0,0
Karnataka,Multiplication|4D x 2D|Fib||2942|14,q_mul_80031_b,0,0,0,0,0,1,0,0,0,0,0
Karnataka,Multiplication|4D x 2D|Fib||3004|23,q_mul_0613_b,0,0,0,0,0,1,1,0,0,0,0
Karnataka,Multiplication|4D x 2D|Fib||3045|13,q_mul_0615_b,0,0,0,0,0,1,1,0,0,0,0
Karnataka,Multiplication|4D x 2D|Fib||3205|19,q_mul_0614_b,0,0,0,0,0,0,1,0,0,0,0
Karnataka,Multiplication|4D x 2D|Fib||3243|25,q_mul_0660_b,0,0,0,0,0,1,0,0,0,0,0
Karnataka,Multiplication|4D x 2D|Fib||3432|20,q_mul_80030_b,0,0,0,0,0,1,1,0,0,0,0
Karnataka,Multiplication|4D x 2D|Fib||3942|23,q_mul_02007_b,0,0,0,0,0,1,0,0,0,0,0
Karnataka,Multiplication|4D x 2D|Fib||999|99,q_mul_02003_b,0,0,0,0,0,1,0,0,0,0,0
Karnataka,Multiplication|4D/5D x 1D|Fib||10009|8,q_mul_0569_b,0,0,0,0,0,0,1,0,0,0,0
Karnataka,Multiplication|4D/5D x 1D|Fib||10056|7,q_mul_0566_b,0,0,0,0,0,0,1,0,0,0,0
Karnataka,Multiplication|4D/5D x 1D|Fib||1005|6,q_mul_0565_b,0,0,0,0,0,0,1,0,0,0,0
Karnataka,Multiplication|4D/5D x 1D|Fib||10674|6,q_mul_0568_b,0,0,0,0,0,1,1,0,0,0,0
Karnataka,Multiplication|4D/5D x 1D|Fib||1087|7,q_mul_0564_b,0,0,0,0,0,1,1,0,0,0,0
Karnataka,Multiplication|4D/5D x 1D|Fib||12343|6,q_mul_0665_b,0,0,0,0,0,0,0,0,0,0,0
Karnataka,Multiplication|4D/5D x 1D|Fib||14004|5,q_mul_0567_b,0,0,0,0,0,0,1,0,0,0,0
Karnataka,Multiplication|4D/5D x 1D|Fib||17091|3,q_mul_06003_b2,0,0,0,0,0,0,1,0,0,0,0
Karnataka,Multiplication|4D/5D x 1D|Fib||1999|9,q_mul_06002_b2,0,0,0,0,0,1,0,0,0,0,0
Karnataka,Multiplication|4D/5D x 1D|Fib||2001|4,q_mul_80026_b,0,0,0,0,0,0,1,0,0,0,0
Karnataka,Multiplication|4D/5D x 1D|Fib||26578|3,q_mul_80028_b,0,0,0,0,0,0,0,0,0,0,0
Karnataka,Multiplication|4D/5D x 1D|Fib||30986|2,q_mul_80027_b,0,0,0,0,0,0,1,0,0,0,0
Karnataka,Multiplication|4D/5D x 1D|Fib||43142|2,q_mul_02005_b,0,0,0,0,0,1,0,0,0,0,0
Karnataka,Multiplication|4D/5D x 1D|Fib||7452|5,q_entry_mul_02004_b,0,0,0,0,0,1,0,0,0,0,0
Karnataka,Multiplication|Repeated addition|Fib||2|2,q_mul_00192_b,0,0,0,0,0,1,0,0,0,0,0
Karnataka,Multiplication|Repeated addition|Fib||4|4,q_mul_0030_b,0,0,0,0,0,1,0,0,0,0,0
Karnataka,Multiplication|Repeated addition|Fib||4|8,q_mul_0031_b,0,0,0,0,0,0,0,0,0,0,0
Karnataka,Multiplication|Repeated addition|Fib||5|6,q_mul_00164_b,0,0,0,0,0,0,0,0,0,0,0
Karnataka,Multiplication|Repeated addition|Fib||5|9,q_mul_00169_b,0,0,0,0,0,0,0,0,0,0,0
Karnataka,Multiplication|Repeated addition|Mcq|2 + 2 + 2 + 2 + 2|0|0,q_entry_mul_80001_b,0,0,0,0,0,0,0,0,0,0,0
Karnataka,Multiplication|Repeated addition|Mcq|3 + 3 + 3 + 3 + 3 + 3|0|0,q_mul_80002_b,0,0,0,0,0,0,0,0,0,0,0
Karnataka,Multiplication|Repeated addition|Mcq|4 + 4 + 4 + 4 + 4|0|0,q_mul_80003_b,0,0,0,0,0,0,0,0,0,0,0
Karnataka,Multiplication|Repeated addition|Mcq|6 x 3|0|0,q_mul_80004_b,0,0,0,0,0,0,0,0,0,0,0
Karnataka,Multiplication|Repeated addition|Mcq|7 x 4|0|0,q_mul_80005_b,0,0,0,0,0,0,0,0,0,0,0
Karnataka,Multiplication|Tables 1 to 9|Fib||3|3,q_mul_00082_b,0,0,0,0,0,1,0,0,0,0,0
Karnataka,Multiplication|Tables 1 to 9|Fib||4|2,q_entry_mul_00604_b,0,0,0,0,0,0,0,0,0,0,0
Karnataka,Multiplication|Tables 1 to 9|Fib||6|0,q_mul_00863_b,0,0,0,0,0,0,1,0,0,0,0
Karnataka,Multiplication|Tables 1 to 9|Fib||6|3,q_mul_0139_b,0,0,0,0,0,0,0,0,0,0,0
Karnataka,Multiplication|Tables 1 to 9|Fib||6|9,q_mul_0144_b,0,0,0,0,0,0,0,0,0,0,0
Karnataka,Multiplication|Tables 1 to 9|Fib||7|3,q_mul_0140_b,0,0,0,0,0,0,0,0,0,0,0
Karnataka,Multiplication|Tables 1 to 9|Fib||7|6,q_mul_00666_b,0,0,0,0,0,0,0,0,0,0,0
Karnataka,Multiplication|Tables 1 to 9|Fib||7|7,q_mul_0142_b,0,0,0,0,0,1,0,0,0,0,0
Karnataka,Multiplication|Tables 1 to 9|Fib||8|4,q_mul_00696_b,0,0,0,0,0,0,0,0,0,0,0
Karnataka,Multiplication|Tables 1 to 9|Fib||9|8,q_mul_01082_b,0,0,0,0,0,0,0,0,0,0,0
Karnataka,"Multiplication|Tables 1, 2 and 5|Fib||2|3",q_entry_mul_80006_b,0,0,0,0,0,0,0,0,0,0,0
Karnataka,"Multiplication|Tables 1, 2 and 5|Fib||2|4",q_mul_00079_b,0,0,0,0,0,0,0,0,0,0,0
Karnataka,"Multiplication|Tables 1, 2 and 5|Fib||2|6",q_mul_80007_b,0,0,0,0,0,0,0,0,0,0,0
Karnataka,"Multiplication|Tables 1, 2 and 5|Fib||2|7",q_mul_00123_b,0,0,0,0,0,0,0,0,0,0,0
Karnataka,"Multiplication|Tables 1, 2 and 5|Fib||2|9",q_entry_mul_00130_b,0,0,0,0,0,0,0,0,0,0,0
Karnataka,"Multiplication|Tables 1, 2 and 5|Fib||5|3",q_mul_00163_b,0,0,0,0,0,0,0,0,0,0,0
Karnataka,"Multiplication|Tables 1, 2 and 5|Fib||5|4",q_mul_80008_b,0,0,0,0,0,0,0,0,0,0,0
Karnataka,"Multiplication|Tables 1, 2 and 5|Fib||5|5",q_mul_00171_b,0,0,0,0,0,1,0,0,0,0,0
Karnataka,"Multiplication|Tables 1, 2 and 5|Fib||5|7",q_entry_mul_80009_b,0,0,0,0,0,0,0,0,0,0,0
Karnataka,"Multiplication|Tables 1, 2 and 5|Fib||5|8",q_mul_80010_b,0,0,0,0,0,0,0,0,0,0,0
Karnataka,Subtraction|10 to 19 - 1D|Fib||10|2,q_sub_0137_b,0,0,0,0,0,0,0,0,0,0,0
Karnataka,Subtraction|10 to 19 - 1D|Fib||10|3,q_entry_sub_00265_b,0,0,0,0,0,0,0,0,0,0,0
Karnataka,Subtraction|10 to 19 - 1D|Fib||11|2,q_sub_03989_b,0,0,0,0,0,0,0,0,0,0,0
Karnataka,Subtraction|10 to 19 - 1D|Fib||11|4,q_sub_0143_b,0,0,0,0,0,0,0,0,0,0,0
Karnataka,Subtraction|10 to 19 - 1D|Fib||11|5,q_sub_80002_b,0,0,0,0,0,0,0,0,0,0,0
Karnataka,Subtraction|10 to 19 - 1D|Fib||11|7,q_sub_0138_b,0,0,0,0,0,0,0,0,0,0,0
Karnataka,Subtraction|10 to 19 - 1D|Fib||12|5,q_sub_0135_b,0,0,0,0,0,0,0,0,0,0,0
Karnataka,Subtraction|10 to 19 - 1D|Fib||12|6,q_sub_0142_b,0,0,0,0,0,0,0,0,0,0,0
Karnataka,Subtraction|10 to 19 - 1D|Fib||12|7,q_sub_06004_b2,0,0,0,0,0,0,0,0,0,0,0
Karnataka,Subtraction|10 to 19 - 1D|Fib||12|8,q_sub_00310_b,0,0,0,0,0,0,0,0,0,0,0
Karnataka,Subtraction|10 to 19 - 1D|Fib||12|9,q_sub_0139_b,0,0,0,0,0,0,0,0,0,0,0
Karnataka,Subtraction|10 to 19 - 1D|Fib||13|5,q_entry_sub_00301_b,0,0,0,0,0,0,0,0,0,0,0
Karnataka,Subtraction|10 to 19 - 1D|Fib||14|7,q_sub_00308_b,0,0,0,0,0,0,0,0,0,0,0
Karnataka,Subtraction|10 to 19 - 1D|Fib||15|6,q_sub_00288_b,0,0,0,0,0,0,0,0,0,0,0
Karnataka,Subtraction|10 to 19 - 1D|Fib||16|7,q_sub_0145_b,0,0,0,0,0,0,0,0,0,0,0
Karnataka,Subtraction|10 to 19 - 1D|Fib||16|8,q_sub_0141_b,0,0,0,0,0,0,0,0,0,0,0
Karnataka,Subtraction|10 to 19 - 1D|Fib||17|9,q_sub_00306_b,0,0,0,0,0,0,0,0,0,0,0
Karnataka,Subtraction|10 to 19 - 1D|Fib||18|9,q_entry_sub_80004_b,0,0,0,0,0,0,0,0,0,0,0
Karnataka,Subtraction|1D - 0 to 9|Fib||2|1,q_sub_0072_b,0,0,0,0,0,0,0,0,0,0,0
Karnataka,Subtraction|1D - 0 to 9|Fib||3|0,q_sub_0140_b,0,0,1,0,0,0,0,0,0,0,0
Karnataka,Subtraction|1D - 0 to 9|Fib||3|1,q_sub_0073_b,0,0,0,0,0,0,0,0,0,0,0
Karnataka,Subtraction|1D - 0 to 9|Fib||4|3,q_sub_80001_b,0,0,0,0,0,0,0,0,0,0,0
Karnataka,Subtraction|1D - 0 to 9|Fib||4|4,q_sub_0144_b,0,0,0,0,1,0,0,0,0,0,0
Karnataka,Subtraction|1D - 0 to 9|Fib||5|0,q_sub_00231_b,0,0,1,0,0,0,0,0,0,0,0
Karnataka,Subtraction|1D - 0 to 9|Fib||5|1,q_sub_0079_b,0,0,0,0,0,0,0,0,0,0,0
Karnataka,Subtraction|1D - 0 to 9|Fib||6|4,q_sub_03988_b,0,0,0,0,0,0,0,0,0,0,0
Karnataka,Subtraction|1D - 0 to 9|Fib||7|4,q_sub_0136_b,0,0,0,0,0,0,0,0,0,0,0
Karnataka,Subtraction|1D - 0 to 9|Fib||7|7,q_sub_00228_b,0,0,0,0,1,0,0,0,0,0,0
Karnataka,Subtraction|1D - 0 to 9|Fib||8|5,q_sub_00189_b,0,0,0,0,0,0,0,0,0,0,0
Karnataka,Subtraction|1D - 0 to 9|Fib||8|7,q_sub_0082_b,0,0,0,0,0,0,0,0,0,0,0
Karnataka,Subtraction|1D - 0 to 9|Fib||9|4,q_sub_0074_b,0,0,0,0,0,0,0,0,0,0,0
Karnataka,Subtraction|1D - 0 to 9|Fib||9|6,q_entry_sub_00190_b,0,0,0,0,0,0,0,0,0,0,0
Karnataka,Subtraction|1D - 1 to 4|Fib||5|3,q_sub_06001_b2,0,0,0,0,0,0,0,0,0,0,0
Karnataka,Subtraction|1D - 1 to 4|Fib||7|1,q_sub_06003_b2,0,0,0,0,0,0,0,0,0,0,0
Karnataka,Subtraction|1D - 1 to 4|Fib||9|2,q_sub_06002_b2,0,0,0,0,0,0,0,0,0,0,0
Karnataka,Subtraction|2-digit Subtraction with borrowing|Fib||43|17,q_entry_sub_03998_b,0,0,0,0,0,0,0,0,0,0,0
Karnataka,Subtraction|2-digit Subtraction with borrowing|Fib||50|28,q_sub_04000_b,0,0,0,1,0,0,0,0,0,0,0
Karnataka,Subtraction|2-digit Subtraction with borrowing|Fib||51|23,q_sub_0551_b,0,0,0,0,0,0,0,0,0,0,0
Karnataka,Subtraction|2-digit Subtraction with borrowing|Fib||52|15,q_entry_sub_03995_b,0,0,0,0,0,0,0,0,0,0,0
Karnataka,Subtraction|2-digit Subtraction with borrowing|Fib||54|27,q_sub_0548_b,0,0,0,0,0,0,0,0,0,0,0
Karnataka,Subtraction|2-digit Subtraction with borrowing|Fib||54|47,q_sub_80009_b,0,0,0,0,1,0,0,0,0,0,0
Karnataka,Subtraction|2-digit Subtraction with borrowing|Fib||68|29,q_sub_0553_b,0,0,0,0,0,0,0,0,0,0,0
Karnataka,Subtraction|2-digit Subtraction with borrowing|Fib||68|59,q_sub_80011_b,0,0,0,0,1,0,0,0,0,0,0
Karnataka,Subtraction|2-digit Subtraction with borrowing|Fib||75|29,q_sub_80010_b,0,0,0,0,0,0,0,0,0,0,0
Karnataka,Subtraction|2-digit Subtraction with borrowing|Fib||76|57,q_sub_0550_b,0,0,0,0,0,0,0,0,0,0,0
Karnataka,Subtraction|2-digit Subtraction with borrowing|Fib||85|26,q_sub_0559_b,0,0,0,0,0,0,0,0,0,0,0
Karnataka,Subtraction|2-digit Subtraction with borrowing|Fib||90|15,q_sub_0552_b,0,0,0,1,0,0,0,0,0,0,0
Karnataka,Subtraction|2-digit Subtraction with borrowing|Fib||90|16,q_entry_sub_03996_b,0,0,0,1,0,0,0,0,0,0,0
Karnataka,Subtraction|2-digit Subtraction with borrowing|Fib||91|76,q_sub_03999_b,0,0,0,0,0,0,0,0,0,0,0
Karnataka,Subtraction|2-digit Subtraction without borrowing|Fib||19|2,q_sub_0364_b,0,0,0,0,0,0,0,0,0,0,0
Karnataka,Subtraction|2-digit Subtraction without borrowing|Fib||19|4,q_sub_03990_b,0,0,0,0,0,0,0,0,0,0,0
Karnataka,Subtraction|2-digit Subtraction without borrowing|Fib||25|15,q_sub_0547_b,0,0,0,0,1,0,0,0,0,0,0
Karnataka,Subtraction|2-digit Subtraction without borrowing|Fib||26|2,q_sub_0361_b,0,0,0,0,0,0,0,0,0,0,0
Karnataka,Subtraction|2-digit Subtraction without borrowing|Fib||36|26,q_sub_0554_b,0,0,0,0,1,0,0,0,0,0,0
Karnataka,Subtraction|2-digit Subtraction without borrowing|Fib||37|20,q_sub_80005_b,0,0,1,0,0,0,0,0,0,0,0
Karnataka,Subtraction|2-digit Subtraction without borrowing|Fib||38|3,q_sub_0366_b,0,0,0,0,0,0,0,0,0,0,0
Karnataka,Subtraction|2-digit Subtraction without borrowing|Fib||40|0,q_sub_0365_b,0,0,0,0,0,0,0,0,0,0,0
Karnataka,Subtraction|2-digit Subtraction without borrowing|Fib||42|2,q_sub_0359_b,0,0,0,0,1,0,0,0,0,0,0
Karnataka,Subtraction|2-digit Subtraction without borrowing|Fib||54|3,q_sub_0358_b,0,0,0,0,0,0,0,0,0,0,0
Karnataka,Subtraction|2-digit Subtraction without borrowing|Fib||56|0,q_sub_0355_b,0,0,1,0,0,0,0,0,0,0,0
Karnataka,Subtraction|2-digit Subtraction without borrowing|Fib||58|1,q_sub_0363_b,0,0,0,0,0,0,0,0,0,0,0
Karnataka,Subtraction|2-digit Subtraction without borrowing|Fib||59|0,q_sub_03991_b,0,0,1,0,0,0,0,0,0,0,0
Karnataka,Subtraction|2-digit Subtraction without borrowing|Fib||60|10,q_sub_01222_b,0,0,0,0,0,0,0,0,0,0,0
Karnataka,Subtraction|2-digit Subtraction without borrowing|Fib||62|1,q_sub_0353_b,0,0,0,0,0,0,0,0,0,0,0
Karnataka,Subtraction|2-digit Subtraction without borrowing|Fib||63|2,q_sub_0354_b,0,0,0,0,0,0,0,0,0,0,0
Karnataka,Subtraction|2-digit Subtraction without borrowing|Fib||63|21,q_sub_0557_b,0,0,0,0,0,0,0,0,0,0,0
Karnataka,Subtraction|2-digit Subtraction without borrowing|Fib||73|3,q_sub_0362_b,0,0,0,0,1,0,0,0,0,0,0
Karnataka,Subtraction|2-digit Subtraction without borrowing|Fib||87|45,q_entry_sub_80007_b,0,0,0,0,0,0,0,0,0,0,0
Karnataka,Subtraction|2-digit Subtraction without borrowing|Fib||88|11,q_sub_03994_b,0,0,0,0,0,0,0,0,0,0,0
Karnataka,Subtraction|2-digit Subtraction without borrowing|Fib||91|1,q_sub_0360_b,0,0,0,0,1,0,0,0,0,0,0
Karnataka,Subtraction|2-digit Subtraction without borrowing|Fib||93|23,q_sub_03993_b,0,0,0,0,1,0,0,0,0,0,0
Karnataka,Subtraction|2-digit Subtraction without borrowing|Fib||95|42,q_sub_80006_b,0,0,0,0,0,0,0,0,0,0,0
Karnataka,Subtraction|2-digit Subtraction without borrowing|Fib||96|6,q_sub_03992_b,0,0,0,0,1,0,0,0,0,0,0
Karnataka,Subtraction|3-digit Subtraction with borrowing|Fib||100|7,q_sub_0928_b,0,0,0,1,0,0,0,0,0,0,0
Karnataka,Subtraction|3-digit Subtraction with borrowing|Fib||105|78,q_sub_0925_b,0,0,0,0,0,0,0,0,0,0,0
Karnataka,Subtraction|3-digit Subtraction with borrowing|Fib||170|58,q_sub_0922_b,0,0,0,1,0,0,0,0,0,0,0
Karnataka,Subtraction|3-digit Subtraction with borrowing|Fib||180|68,q_sub_04007_b,0,0,0,1,0,0,0,0,0,0,0
Karnataka,Subtraction|3-digit Subtraction with borrowing|Fib||185|78,q_sub_0913_b,0,0,0,0,1,0,0,0,0,0,0
Karnataka,Subtraction|3-digit Subtraction with borrowing|Fib||200|147,q_sub_0919_b,0,0,0,1,1,0,0,0,0,0,0
Karnataka,Subtraction|3-digit Subtraction with borrowing|Fib||300|145,q_sub_0926_b,0,0,0,1,0,0,0,0,0,0,0
Karnataka,Subtraction|3-digit Subtraction with borrowing|Fib||312|64,q_sub_80016_b,0,0,0,1,0,0,0,0,0,0,0
Karnataka,Subtraction|3-digit Subtraction with borrowing|Fib||424|315,q_sub_80017_b,0,0,0,0,1,0,0,0,0,0,0
Karnataka,Subtraction|3-digit Subtraction with borrowing|Fib||472|138,q_sub_0912_b,0,0,0,0,0,0,0,0,0,0,0
Karnataka,Subtraction|3-digit Subtraction with borrowing|Fib||551|9,q_sub_04006_b,0,0,0,0,0,0,0,0,0,0,0
Karnataka,Subtraction|3-digit Subtraction with borrowing|Fib||584|88,q_sub_04009_b,0,0,0,0,0,0,0,0,0,0,0
Karnataka,Subtraction|3-digit Subtraction with borrowing|Fib||601|518,q_entry_sub_04011_b,0,0,0,0,1,0,0,0,0,0,0
Karnataka,Subtraction|3-digit Subtraction with borrowing|Fib||624|183,q_sub_0914_b,0,0,0,0,0,0,0,0,0,0,0
Karnataka,Subtraction|3-digit Subtraction with borrowing|Fib||637|389,q_sub_0923_b,0,0,0,0,0,0,0,0,0,0,0
Karnataka,Subtraction|3-digit Subtraction with borrowing|Fib||703|74,q_sub_04010_b,0,0,0,0,0,0,0,0,0,0,0
Karnataka,Subtraction|3-digit Subtraction with borrowing|Fib||800|7,q_entry_sub_80015_b,0,0,0,1,0,0,0,0,0,0,0
Karnataka,Subtraction|3-digit Subtraction with borrowing|Fib||864|45,q_sub_04008_b,0,0,0,0,0,0,0,0,0,0,0
Karnataka,Subtraction|3-digit Subtraction with borrowing|Fib||872|58,q_sub_04005_b,0,0,0,0,0,0,0,0,0,0,0
Karnataka,Subtraction|3-digit Subtraction with borrowing|Fib||935|167,q_entry_sub_04012_b,0,0,0,0,0,0,0,0,0,0,0
Karnataka,Subtraction|3-digit Subtraction with borrowing|Fib||952|684,q_sub_0920_b,0,0,0,0,0,0,0,0,0,0,0
Karnataka,Subtraction|3-digit Subtraction without borrowing|Fib||234|110,q_sub_0657_b,0,0,1,0,0,0,0,0,0,0,0
Karnataka,Subtraction|3-digit Subtraction without borrowing|Fib||281|181,q_sub_0921_b,0,0,0,0,1,0,0,0,0,0,0
Karnataka,Subtraction|3-digit Subtraction without borrowing|Fib||288|280,q_sub_0659_b,0,0,1,0,1,0,0,0,0,0,0
Karnataka,Subtraction|3-digit Subtraction without borrowing|Fib||322|322,q_sub_0658_b,0,0,0,0,1,0,0,0,0,0,0
Karnataka,Subtraction|3-digit Subtraction without borrowing|Fib||359|102,q_sub_80013_b,0,0,1,0,0,0,0,0,0,0,0
Karnataka,Subtraction|3-digit Subtraction without borrowing|Fib||445|404,q_sub_04003_b,0,0,1,0,1,0,0,0,0,0,0
Karnataka,Subtraction|3-digit Subtraction without borrowing|Fib||457|234,q_entry_sub_80012_b,0,0,0,0,0,0,0,0,0,0,0
Karnataka,Subtraction|3-digit Subtraction without borrowing|Fib||489|123,q_sub_0924_b,0,0,0,0,0,0,0,0,0,0,0
Karnataka,Subtraction|3-digit Subtraction without borrowing|Fib||548|246,q_sub_80014_b,0,0,0,0,1,0,0,0,0,0,0
Karnataka,Subtraction|3-digit Subtraction without borrowing|Fib||560|60,q_sub_0655_b,0,0,0,0,1,0,0,0,0,0,0
Karnataka,Subtraction|3-digit Subtraction without borrowing|Fib||606|2,q_sub_04001_b,0,0,0,0,0,0,0,0,0,0,0
Karnataka,Subtraction|3-digit Subtraction without borrowing|Fib||618|17,q_sub_04002_b,0,0,0,0,1,0,0,0,0,0,0
Karnataka,Subtraction|3-digit Subtraction without borrowing|Fib||677|3,q_sub_0662_b,0,0,0,0,0,0,0,0,0,0,0
Karnataka,Subtraction|3-digit Subtraction without borrowing|Fib||709|709,q_sub_04004_b,0,0,0,0,1,0,0,0,0,0,0
Karnataka,Subtraction|3-digit Subtraction without borrowing|Fib||777|767,q_sub_0660_b,0,0,0,0,1,0,0,0,0,0,0
Karnataka,Subtraction|3-digit Subtraction without borrowing|Fib||874|50,q_sub_0656_b,0,0,1,0,0,0,0,0,0,0,0
Karnataka,Subtraction|3-digit Subtraction without borrowing|Fib||888|5,q_sub_0654_b,0,0,0,0,0,0,0,0,0,0,0
Karnataka,Subtraction|3-digit Subtraction without borrowing|Fib||900|800,q_sub_0927_b,0,0,0,0,0,0,0,0,0,0,0
Karnataka,Subtraction|3-digit Subtraction without borrowing|Fib||922|11,q_sub_0929_b,0,0,0,0,0,0,0,0,0,0,0
Karnataka,Subtraction|3-digit Subtraction without borrowing|Fib||949|929,q_sub_0661_b,0,0,0,0,1,0,0,0,0,0,0
Karnataka,Subtraction|4-digit Subtraction with borrowing|Fib||1008|989,q_sub_1272_b,0,0,0,0,1,0,0,0,0,0,0
Karnataka,Subtraction|4-digit Subtraction with borrowing|Fib||2352|1844,q_sub_04021_b,0,0,0,0,1,0,0,0,0,0,0
Karnataka,Subtraction|4-digit Subtraction with borrowing|Fib||2374|1423,q_sub_1275_b,0,0,0,0,1,0,0,0,0,0,0
Karnataka,Subtraction|4-digit Subtraction with borrowing|Fib||3000|654,q_sub_1277_b,0,0,0,1,0,0,0,0,0,0,0
Karnataka,Subtraction|4-digit Subtraction with borrowing|Fib||3313|713,q_sub_04017_b,0,0,0,0,1,0,0,0,0,0,0
Karnataka,Subtraction|4-digit Subtraction with borrowing|Fib||4001|234,q_sub_1271_b,0,0,0,0,0,0,0,0,0,0,0
Karnataka,Subtraction|4-digit Subtraction with borrowing|Fib||4090|2442,q_entry_sub_04020_b,0,0,0,1,0,0,0,0,0,0,0
Karnataka,Subtraction|4-digit Subtraction with borrowing|Fib||5000|1,q_entry_sub_04022_b,0,0,0,1,0,0,0,0,0,0,0
Karnataka,Subtraction|4-digit Subtraction with borrowing|Fib||6006|97,q_entry_sub_04023_b,0,0,0,0,1,0,0,0,0,0,0
Karnataka,Subtraction|4-digit Subtraction with borrowing|Fib||6205|89,q_sub_1278_b,0,0,0,0,0,0,0,0,0,0,0
Karnataka,Subtraction|4-digit Subtraction with borrowing|Fib||6735|45,q_sub_04016_b,0,0,0,0,1,0,0,0,0,0,0
Karnataka,Subtraction|4-digit Subtraction with borrowing|Fib||7092|27,q_sub_04015_b,0,0,0,0,0,0,0,0,0,0,0
Karnataka,Subtraction|4-digit Subtraction with borrowing|Fib||8000|4342,q_sub_1273_b,0,0,0,1,0,0,0,0,0,0,0
Karnataka,Subtraction|4-digit Subtraction with borrowing|Fib||8102|6,q_sub_04019_b,0,0,0,0,0,0,0,0,0,0,0
Karnataka,Subtraction|4-digit Subtraction with borrowing|Fib||9007|1009,q_sub_1274_b,0,0,0,0,0,0,0,0,0,0,0
Karnataka,Subtraction|4-digit Subtraction with borrowing|Fib||9090|1393,q_sub_1276_b,0,0,0,1,0,0,0,0,0,0,0
Karnataka,Subtraction|4-digit Subtraction with borrowing|Fib||9175|5205,q_sub_04018_b,0,0,1,0,1,0,0,0,0,0,0
Karnataka,Subtraction|4-digit Subtraction with borrowing|Fib||9178|5205,q_sub_80023_b,0,0,1,0,0,0,0,0,0,0,0
Karnataka,Subtraction|4-digit Subtraction with borrowing|Fib||9584|899,q_sub_04024_b,0,0,0,0,0,0,0,0,0,0,0
Karnataka,Subtraction|4-digit Subtraction without borrowing|Fib||3000|3000,q_sub_0969_b,0,0,0,0,1,0,0,0,0,0,0
Karnataka,Subtraction|4-digit Subtraction without borrowing|Fib||3986|2384,q_entry_sub_80022_b,0,0,0,0,1,0,0,0,0,0,0
Karnataka,Subtraction|4-digit Subtraction without borrowing|Fib||4289|2,q_sub_0964_b,0,0,0,0,0,0,0,0,0,0,0
Karnataka,Subtraction|4-digit Subtraction without borrowing|Fib||4786|26,q_sub_80019_b,0,0,0,0,1,0,0,0,0,0,0
Karnataka,Subtraction|4-digit Subtraction without borrowing|Fib||4838|3808,q_sub_0967_b,0,0,1,0,1,0,0,0,0,0,0
Karnataka,Subtraction|4-digit Subtraction without borrowing|Fib||5365|0,q_sub_04013_b,0,0,1,0,0,0,0,0,0,0,0
Karnataka,Subtraction|4-digit Subtraction without borrowing|Fib||5365|3,q_sub_80018_b,0,0,0,0,0,0,0,0,0,0,0
Karnataka,Subtraction|4-digit Subtraction without borrowing|Fib||5365|4,q_sub_06007_b2,0,0,0,0,0,0,0,0,0,0,0
Karnataka,Subtraction|4-digit Subtraction without borrowing|Fib||6735|414,q_sub_06006_b2,0,0,0,0,0,0,0,0,0,0,0
Karnataka,Subtraction|4-digit Subtraction without borrowing|Fib||7092|22,q_sub_06005_b2,0,0,0,0,1,0,0,0,0,0,0
Karnataka,Subtraction|4-digit Subtraction without borrowing|Fib||8476|345,q_sub_80020_b,0,0,0,0,0,0,0,0,0,0,0
Karnataka,Subtraction|4-digit Subtraction without borrowing|Fib||8922|2222,q_sub_0968_b,0,0,0,0,1,0,0,0,0,0,0
Karnataka,Subtraction|4-digit Subtraction without borrowing|Fib||9825|8014,q_sub_80021_b,0,0,1,0,0,0,0,0,0,0,0
Karnataka,Subtraction|4-digit Subtraction without borrowing|Fib||9825|8024,q_sub_04014_b,0,0,1,0,1,0,0,0,0,0,0
Karnataka,Subtraction|4-digit Subtraction without borrowing|Fib||9926|513,q_sub_0965_b,0,0,0,0,0,0,0,0,0,0,0
Karnataka,Subtraction|4-digit Subtraction without borrowing|Fib||9954|8804,q_sub_0966_b,0,0,1,0,1,0,0,0,0,0,0
Karnataka,Subtraction|5-digit Subtraction with borrowing|Fib||10000|9,q_entry_sub_04036_b,0,0,0,1,0,0,0,0,0,0,0
Karnataka,Subtraction|5-digit Subtraction with borrowing|Fib||27194|19900,q_sub_1603_b,0,0,1,0,1,0,0,0,0,0,0
Karnataka,Subtraction|5-digit Subtraction with borrowing|Fib||27763|6183,q_entry_sub_80028_b,0,0,0,0,1,0,0,0,0,0,0
Karnataka,Subtraction|5-digit Subtraction with borrowing|Fib||27766|6183,q_sub_04027_b,0,0,0,0,0,0,0,0,0,0,0
Karnataka,Subtraction|5-digit Subtraction with borrowing|Fib||30030|27338,q_sub_1606_b,0,0,0,1,1,0,0,0,0,0,0
Karnataka,Subtraction|5-digit Subtraction with borrowing|Fib||34078|96,q_sub_1602_b,0,0,0,0,0,0,0,0,0,0,0
Karnataka,Subtraction|5-digit Subtraction with borrowing|Fib||38321|24007,q_sub_04028_b,0,0,1,0,0,0,0,0,0,0,0
Karnataka,Subtraction|5-digit Subtraction with borrowing|Fib||42076|93,q_sub_1604_b,0,0,0,0,0,0,0,0,0,0,0
Karnataka,Subtraction|5-digit Subtraction with borrowing|Fib||45689|29811,q_sub_1590_b,0,0,0,0,0,0,0,0,0,0,0
Karnataka,Subtraction|5-digit Subtraction with borrowing|Fib||49438|9,q_sub_1605_b,0,0,0,0,0,0,0,0,0,0,0
Karnataka,Subtraction|5-digit Subtraction with borrowing|Fib||50008|9,q_sub_1597_b,0,0,0,0,0,0,0,0,0,0,0
Karnataka,Subtraction|5-digit Subtraction with borrowing|Fib||54785|36859,q_entry_sub_04034_b,0,0,0,0,0,0,0,0,0,0,0
Karnataka,Subtraction|5-digit Subtraction with borrowing|Fib||55291|6833,q_sub_04033_b,0,0,0,0,0,0,0,0,0,0,0
Karnataka,Subtraction|5-digit Subtraction with borrowing|Fib||60023|8211,q_sub_1596_b,0,0,0,1,0,0,0,0,0,0,0
Karnataka,Subtraction|5-digit Subtraction with borrowing|Fib||64320|995,q_sub_04032_b,0,0,0,1,0,0,0,0,0,0,0
Karnataka,Subtraction|5-digit Subtraction with borrowing|Fib||65004|2916,q_sub_1592_b,0,0,0,0,1,0,0,0,0,0,0
Karnataka,Subtraction|5-digit Subtraction with borrowing|Fib||65415|37448,q_sub_04035_b,0,0,0,1,0,0,0,0,0,0,0
Karnataka,Subtraction|5-digit Subtraction with borrowing|Fib||65488|91,q_sub_1600_b,0,0,0,0,0,0,0,0,0,0,0
Karnataka,Subtraction|5-digit Subtraction with borrowing|Fib||71016|50,q_sub_04029_b,0,0,1,0,0,0,0,0,0,0,0
Karnataka,Subtraction|5-digit Subtraction with borrowing|Fib||80000|78999,q_sub_1591_b,0,0,0,1,1,0,0,0,0,0,0
Karnataka,Subtraction|5-digit Subtraction with borrowing|Fib||82336|23292,q_sub_04031_b,0,0,0,0,1,0,0,0,0,0,0
Karnataka,Subtraction|5-digit Subtraction with borrowing|Fib||82336|23296,q_sub_80029_b,0,0,0,0,1,0,0,0,0,0,0
Karnataka,Subtraction|5-digit Subtraction with borrowing|Fib||85680|937,q_sub_04030_b,0,0,0,1,0,0,0,0,0,0,0
Karnataka,Subtraction|5-digit Subtraction with borrowing|Fib||90008|38344,q_sub_1607_b,0,0,0,1,0,0,0,0,0,0,0
Karnataka,Subtraction|5-digit Subtraction with borrowing|Fib||90104|3282,q_sub_1589_b,0,0,0,1,0,0,0,0,0,0,0
Karnataka,Subtraction|5-digit Subtraction with borrowing|Fib||96105|7,q_sub_1595_b,0,0,0,0,0,0,0,0,0,0,0
Karnataka,Subtraction|5-digit Subtraction without borrowing|Fib||13478|70,q_sub_1305_b,0,0,1,0,1,0,0,0,0,0,0
Karnataka,Subtraction|5-digit Subtraction without borrowing|Fib||23789|12709,q_sub_1593_b,0,0,1,0,1,0,0,0,0,0,0
Karnataka,Subtraction|5-digit Subtraction without borrowing|Fib||27766|21613,q_sub_06009_b2,0,0,0,0,1,0,0,0,0,0,0
Karnataka,Subtraction|5-digit Subtraction without borrowing|Fib||35782|23451,q_entry_sub_80027_b,0,0,0,0,0,0,0,0,0,0,0
Karnataka,Subtraction|5-digit Subtraction without borrowing|Fib||47779|4326,q_sub_04026_b,0,0,0,0,0,0,0,0,0,0,0
Karnataka,Subtraction|5-digit Subtraction without borrowing|Fib||48330|38300,q_sub_1310_b,0,0,1,0,1,0,0,0,0,0,0
Karnataka,Subtraction|5-digit Subtraction without borrowing|Fib||48762|34612,q_sub_80026_b,0,0,0,0,1,0,0,0,0,0,0
Karnataka,Subtraction|5-digit Subtraction without borrowing|Fib||56316|106,q_sub_04025_b,0,0,1,0,1,0,0,0,0,0,0
Karnataka,Subtraction|5-digit Subtraction without borrowing|Fib||56318|106,q_sub_80025_b,0,0,1,0,0,0,0,0,0,0,0
Karnataka,Subtraction|5-digit Subtraction without borrowing|Fib||59763|53,q_sub_80024_b,0,0,0,0,1,0,0,0,0,0,0
Karnataka,Subtraction|5-digit Subtraction without borrowing|Fib||65328|3216,q_sub_1599_b,0,0,0,0,0,0,0,0,0,0,0
Karnataka,Subtraction|5-digit Subtraction without borrowing|Fib||71061|50,q_sub_06008_b2,0,0,1,0,0,0,0,0,0,0,0
Karnataka,Subtraction|5-digit Subtraction without borrowing|Fib||74369|13224,q_sub_1308_b,0,0,0,0,0,0,0,0,0,0,0
Karnataka,Subtraction|5-digit Subtraction without borrowing|Fib||78563|4232,q_sub_1307_b,0,0,0,0,0,0,0,0,0,0,0
Karnataka,Subtraction|5-digit Subtraction without borrowing|Fib||79584|79584,q_sub_1608_b,0,0,0,0,1,0,0,0,0,0,0
Karnataka,Subtraction|5-digit Subtraction without borrowing|Fib||83167|115,q_sub_1306_b,0,0,0,0,1,0,0,0,0,0,0
Karnataka,Subtraction|5-digit Subtraction without borrowing|Fib||83383|83383,q_sub_1598_b,0,0,0,0,1,0,0,0,0,0,0
Karnataka,Subtraction|5-digit Subtraction without borrowing|Fib||85679|9,q_sub_1304_b,0,0,0,0,1,0,0,0,0,0,0
Karnataka,Subtraction|5-digit Subtraction without borrowing|Fib||94438|13231,q_sub_1594_b,0,0,0,0,1,0,0,0,0,0,0
Karnataka,Subtraction|5-digit Subtraction without borrowing|Fib||94584|83484,q_sub_1309_b,0,0,0,0,1,0,0,0,0,0,0
Private,Addition|1D+1D sum upto 20|Fib||3|8,q_add_00122_b,0,0,0,0,0,0,0,0,0,0,0
Private,Addition|1D+1D sum upto 20|Fib||3|9,q_add_04197_b,0,0,0,0,0,0,0,0,0,0,0
Private,Addition|1D+1D sum upto 20|Fib||4|7,q_add_04193_b,0,0,0,0,0,0,0,0,0,0,0
Private,Addition|1D+1D sum upto 20|Fib||6|6,q_add_00124_b,0,1,0,0,0,0,0,0,0,0,0
Private,Addition|1D+1D sum upto 20|Fib||6|8,q_add_04198_b,0,0,0,0,0,0,0,0,0,0,0
Private,Addition|1D+1D sum upto 20|Fib||7|7,q_add_00126_b,0,1,0,0,0,0,0,0,0,0,0
Private,Addition|1D+1D sum upto 20|Fib||7|9,q_add_04194_b,0,0,0,0,0,0,0,0,0,0,0
Private,Addition|1D+1D sum upto 20|Fib||8|5,q_add_04195_b,0,0,0,0,0,0,0,0,0,0,0
Private,Addition|1D+1D sum upto 20|Fib||8|6,q_add_00123_b,0,0,0,0,0,0,0,0,0,0,0
Private,Addition|1D+1D sum upto 20|Fib||9|3,q_add_00125_b,0,0,0,0,0,0,0,0,0,0,0
Private,Addition|1D+1D sum upto 20|Fib||9|9,q_add_00121_b,0,1,0,0,0,0,0,0,0,0,0
Private,Addition|1D+1D sum upto 9|Fib||0|6,q_add_04192_b,1,0,0,0,0,0,0,0,0,0,0
Private,Addition|1D+1D sum upto 9|Fib||0|8,q_add_00077_b,1,0,0,0,0,0,0,0,0,0,0
Private,Addition|1D+1D sum upto 9|Fib||1|4,q_add_04191_b,0,0,0,0,0,0,0,0,0,0,0
Private,Addition|1D+1D sum upto 9|Fib||2|5,q_add_00080_b,0,0,0,0,0,0,0,0,0,0,0
Private,Addition|1D+1D sum upto 9|Fib||2|7,q_add_04188_b,0,0,0,0,0,0,0,0,0,0,0
Private,Addition|1D+1D sum upto 9|Fib||3|4,q_add_00076_b,0,0,0,0,0,0,0,0,0,0,0
Private,Addition|1D+1D sum upto 9|Fib||4|0,q_add_04190_b,1,0,0,0,0,0,0,0,0,0,0
Private,Addition|1D+1D sum upto 9|Fib||5|2,q_add_00078_b,0,0,0,0,0,0,0,0,0,0,0
Private,Addition|1D+1D sum upto 9|Fib||5|3,q_add_04189_b,0,0,0,0,0,0,0,0,0,0,0
Private,Addition|1D+1D sum upto 9|Fib||6|3,q_add_00081_b,0,0,0,0,0,0,0,0,0,0,0
Private,Addition|1D+1D sum upto 9|Fib||7|0,q_add_00079_b,1,0,0,0,0,0,0,0,0,0,0
Private,Addition|2-digit Addition with carry|Fib||17|69,q_add_80018_b,0,0,0,0,0,0,0,0,0,0,0
Private,Addition|2-digit Addition with carry|Fib||27|55,q_add_04209_b,0,0,0,0,0,0,0,0,0,0,0
Private,Addition|2-digit Addition with carry|Fib||28|38,q_add_80017_b,0,1,0,0,0,0,0,0,0,0,0
Private,Addition|2-digit Addition with carry|Fib||29|28,q_add_00614_b,0,1,0,0,0,0,0,0,0,0,0
Private,Addition|2-digit Addition with carry|Fib||35|27,q_add_00612_b,0,0,0,0,0,0,0,0,0,0,0
Private,Addition|2-digit Addition with carry|Fib||3|69,q_add_80019_b,0,0,0,0,0,0,0,0,0,0,0
Private,Addition|2-digit Addition with carry|Fib||43|28,q_add_00616_b,0,0,0,0,0,0,0,0,0,0,0
Private,Addition|2-digit Addition with carry|Fib||49|25,q_add_80016_b,0,0,0,0,0,0,0,0,0,0,0
Private,Addition|2-digit Addition with carry|Fib||64|18,q_add_04206_b,0,0,0,0,0,0,0,0,0,0,0
Private,Addition|2-digit Addition with carry|Fib||73|9,q_add_06010_b2,0,0,0,0,0,0,0,0,0,0,0
Private,Addition|2-digit Addition with carry|Fib||9|57,q_add_80020_b,0,0,0,0,0,0,0,0,0,0,0
Private,Addition|2-digit Addition without carry|Fib||11|44,q_add_04211_b,0,0,0,0,0,0,0,0,0,0,0
Private,Addition|2-digit Addition without carry|Fib||12|36,q_add_00611_b,0,0,0,0,0,0,0,0,0,0,0
Private,Addition|2-digit Addition without carry|Fib||14|2,q_add_04200_b,0,0,0,0,0,0,0,0,0,0,0
Private,Addition|2-digit Addition without carry|Fib||26|52,q_add_00497_b,0,0,0,0,0,0,0,0,0,0,0
Private,Addition|2-digit Addition without carry|Fib||2|52,q_add_00492_b,0,1,0,0,0,0,0,0,0,0,0
Private,Addition|2-digit Addition without carry|Fib||30|31,q_add_04208_b,1,1,0,0,0,0,0,0,0,0,0
Private,Addition|2-digit Addition without carry|Fib||30|50,q_add_04205_b,0,0,0,0,0,0,0,0,0,0,0
Private,Addition|2-digit Addition without carry|Fib||30|59,q_add_80013_b,1,0,0,0,0,0,0,0,0,0,0
Private,Addition|2-digit Addition without carry|Fib||35|21,q_add_00610_b,0,0,0,0,0,0,0,0,0,0,0
Private,Addition|2-digit Addition without carry|Fib||39|0,q_add_04202_b,1,0,0,0,0,0,0,0,0,0,0
Private,Addition|2-digit Addition without carry|Fib||3|26,q_add_00490_b,0,0,0,0,0,0,0,0,0,0,0
Private,Addition|2-digit Addition without carry|Fib||3|60,q_add_04201_b,1,0,0,0,0,0,0,0,0,0,0
Private,Addition|2-digit Addition without carry|Fib||45|3,q_add_00495_b,0,0,0,0,0,0,0,0,0,0,0
Private,Addition|2-digit Addition without carry|Fib||4|30,q_add_00489_b,1,0,0,0,0,0,0,0,0,0,0
Private,Addition|2-digit Addition without carry|Fib||5|71,q_add_00493_b,0,0,0,0,0,0,0,0,0,0,0
Private,Addition|2-digit Addition without carry|Fib||61|6,q_add_00494_b,0,0,0,0,0,0,0,0,0,0,0
Private,Addition|2-digit Addition without carry|Fib||64|34,q_add_04210_b,0,1,0,0,0,0,0,0,0,0,0
Private,Addition|2-digit Addition without carry|Fib||64|35,q_add_80014_b,0,0,0,0,0,0,0,0,0,0,0
Private,Addition|2-digit Addition without carry|Fib||67|21,q_add_00496_b,0,0,0,0,0,0,0,0,0,0,0
Private,Addition|2-digit Addition without carry|Fib||6|42,q_add_00491_b,0,0,0,0,0,0,0,0,0,0,0
Private,Addition|2-digit Addition without carry|Fib||72|25,q_add_80015_b,0,0,0,0,0,0,0,0,0,0,0
Private,Addition|2-digit Addition without carry|Fib||73|0,q_add_04203_b,1,0,0,0,0,0,0,0,0,0,0
Private,Addition|2D+1D sum up to 20|Fib||11|2,q_add_80003_b,0,0,0,0,0,0,0,0,0,0,0
Private,Addition|2D+1D sum up to 20|Fib||12|3,q_add_80004_b,0,0,0,0,0,0,0,0,0,0,0
Private,Addition|2D+1D sum up to 20|Fib||13|4,q_add_80005_b,0,0,0,0,0,0,0,0,0,0,0
Private,Addition|2D+1D sum up to 20|Fib||14|5,q_add_80006_b,0,0,0,0,0,0,0,0,0,0,0
Private,Addition|2D+1D sum up to 20|Fib||15|4,q_add_80007_b,0,0,0,0,0,0,0,0,0,0,0
Private,Addition|2D+1D sum up to 20|Fib||1|18,q_add_80010_b,0,0,0,0,0,0,0,0,0,0,0
Private,Addition|2D+1D sum up to 20|Fib||2|17,q_add_80009_b,0,0,0,0,0,0,0,0,0,0,0
Private,Addition|2D+1D sum up to 20|Fib||3|16,q_add_80008_b,0,0,0,0,0,0,0,0,0,0,0
Private,Addition|2D+1D sum up to 20|Fib||6|13,q_add_80011_b,0,0,0,0,0,0,0,0,0,0,0
Private,Addition|2D+1D sum up to 20|Fib||8|12,q_add_80012_b,0,0,0,0,0,0,0,0,0,0,0
Private,Addition|3-digit Addition with carry|Fib||164|76,q_add_04218_b,0,0,0,0,0,0,0,0,0,0,0
Private,Addition|3-digit Addition with carry|Fib||289|578,q_add_80027_b,0,0,0,0,0,0,0,0,0,0,0
Private,Addition|3-digit Addition with carry|Fib||458|60,q_add_00865_b,1,0,0,0,0,0,0,0,0,0,0
Private,Addition|3-digit Addition with carry|Fib||468|58,q_add_80031_b,0,1,0,0,0,0,0,0,0,0,0
Private,Addition|3-digit Addition with carry|Fib||48|77,q_add_00863_b,0,0,0,0,0,0,0,0,0,0,0
Private,Addition|3-digit Addition with carry|Fib||528|259,q_add_80029_b,0,0,0,0,0,0,0,0,0,0,0
Private,Addition|3-digit Addition with carry|Fib||548|7,q_add_00868_b,0,0,0,0,0,0,0,0,0,0,0
Private,Addition|3-digit Addition with carry|Fib||58|60,q_add_00867_b,1,0,0,0,0,0,0,0,0,0,0
Private,Addition|3-digit Addition with carry|Fib||689|213,q_add_80030_b,0,0,0,0,0,0,0,0,0,0,0
Private,Addition|3-digit Addition with carry|Fib||6|187,q_add_04214_b,0,0,0,0,0,0,0,0,0,0,0
Private,Addition|3-digit Addition with carry|Fib||725|109,q_add_04220_b,1,0,0,0,0,0,0,0,0,0,0
Private,Addition|3-digit Addition with carry|Fib||729|119,q_add_80028_b,0,1,0,0,0,0,0,0,0,0,0
Private,Addition|3-digit Addition with carry|Fib||745|245,q_add_00864_b,0,1,0,0,0,0,0,0,0,0,0
Private,Addition|3-digit Addition with carry|Fib||812|39,q_add_04217_b,0,0,0,0,0,0,0,0,0,0,0
Private,Addition|3-digit Addition with carry|Fib||89|78,q_add_04213_b,0,0,0,0,0,0,0,0,0,0,0
Private,Addition|3-digit Addition with carry|Fib||89|826,q_add_04219_b,0,0,0,0,0,0,0,0,0,0,0
Private,Addition|3-digit Addition with carry|Fib||94|9,q_add_00866_b,0,0,0,0,0,0,0,0,0,0,0
Private,Addition|3-digit Addition with carry|Fib||9|199,q_add_80032_b,0,1,0,0,0,0,0,0,0,0,0
Private,Addition|3-digit Addition with carry|Fib||9|99,q_add_04215_b,0,1,0,0,0,0,0,0,0,0,0
Private,Addition|3-digit Addition without carry|Fib||189|10,q_add_00788_b,1,0,0,0,0,0,0,0,0,0,0
Private,Addition|3-digit Addition without carry|Fib||201|292,q_add_04223_b,1,1,0,0,0,0,0,0,0,0,0
Private,Addition|3-digit Addition without carry|Fib||21|328,q_add_04216_b,0,1,0,0,0,0,0,0,0,0,0
Private,Addition|3-digit Addition without carry|Fib||21|348,q_add_80026_b,0,0,0,0,0,0,0,0,0,0,0
Private,Addition|3-digit Addition without carry|Fib||231|407,q_add_80025_b,1,0,0,0,0,0,0,0,0,0,0
Private,Addition|3-digit Addition without carry|Fib||300|500,q_add_04221_b,0,0,0,0,0,0,0,0,0,0,0
Private,Addition|3-digit Addition without carry|Fib||415|550,q_add_04222_b,1,0,0,0,0,0,0,0,0,0,0
Private,Addition|3-digit Addition without carry|Fib||415|553,q_add_80024_b,0,0,0,0,0,0,0,0,0,0,0
Private,Addition|3-digit Addition without carry|Fib||732|230,q_add_00786_b,1,1,0,0,0,0,0,0,0,0,0
Private,Addition|3-digit Addition without carry|Fib||7|602,q_add_00787_b,0,0,0,0,0,0,0,0,0,0,0
Private,Addition|3-digit Addition without carry|Fib||900|9,q_add_04212_b,1,0,0,0,0,0,0,0,0,0,0
Private,Addition|4-digit Addition with carry|Fib||1462|7929,q_add_06005_b2,0,0,0,0,0,0,0,0,0,0,0
Private,Addition|4-digit Addition with carry|Fib||1462|7939,q_add_80037_b,0,0,0,0,0,0,0,0,0,0,0
Private,Addition|4-digit Addition with carry|Fib||1543|490,q_add_01210_b,1,0,0,0,0,0,0,0,0,0,0
Private,Addition|4-digit Addition with carry|Fib||29|1509,q_add_01209_b,1,1,0,0,0,0,0,0,0,0,0
Private,Addition|4-digit Addition with carry|Fib||3549|4929,q_add_80036_b,0,1,0,0,0,0,0,0,0,0,0
Private,Addition|4-digit Addition with carry|Fib||3581|4909,q_add_04235_b,1,0,0,0,0,0,0,0,0,0,0
Private,Addition|4-digit Addition with carry|Fib||4568|794,q_add_80039_b,0,0,0,0,0,0,0,0,0,0,0
Private,Addition|4-digit Addition with carry|Fib||546|8732,q_add_80041_b,0,0,0,0,0,0,0,0,0,0,0
Private,Addition|4-digit Addition with carry|Fib||546|8736,q_add_04231_b,0,1,0,0,0,0,0,0,0,0,0
Private,Addition|4-digit Addition with carry|Fib||5738|2727,q_add_04232_b,0,1,0,0,0,0,0,0,0,0,0
Private,Addition|4-digit Addition with carry|Fib||5|3475,q_add_06004_b2,0,1,0,0,0,0,0,0,0,0,0
Private,Addition|4-digit Addition with carry|Fib||5|3495,q_add_04225_b,0,1,0,0,0,0,0,0,0,0,0
Private,Addition|4-digit Addition with carry|Fib||62|8887,q_add_04227_b,0,0,0,0,0,0,0,0,0,0,0
Private,Addition|4-digit Addition with carry|Fib||6634|2576,q_add_04233_b,0,0,0,0,0,0,0,0,0,0,0
Private,Addition|4-digit Addition with carry|Fib||6941|390,q_add_04230_b,1,0,0,0,0,0,0,0,0,0,0
Private,Addition|4-digit Addition with carry|Fib||6954|324,q_add_80040_b,0,1,0,0,0,0,0,0,0,0,0
Private,Addition|4-digit Addition with carry|Fib||7658|22,q_add_01207_b,0,0,0,0,0,0,0,0,0,0,0
Private,Addition|4-digit Addition with carry|Fib||7713|17,q_add_04226_b,0,1,0,0,0,0,0,0,0,0,0
Private,Addition|4-digit Addition with carry|Fib||7713|47,q_add_80038_b,0,0,0,0,0,0,0,0,0,0,0
Private,Addition|4-digit Addition with carry|Fib||7|1394,q_add_01208_b,0,0,0,0,0,0,0,0,0,0,0
Private,Addition|4-digit Addition with carry|Fib||7|3495,q_add_80042_b,0,0,0,0,0,0,0,0,0,0,0
Private,Addition|4-digit Addition with carry|Fib||998|88,q_add_04224_b,0,1,0,0,0,0,0,0,0,0,0
Private,Addition|4-digit Addition without carry|Fib||1000|7000,q_add_01030_b,0,0,0,0,0,0,0,0,0,0,0
Private,Addition|4-digit Addition without carry|Fib||1260|2,q_add_01026_b,1,0,0,0,0,0,0,0,0,0,0
Private,Addition|4-digit Addition without carry|Fib||1543|2043,q_add_01206_b,1,1,0,0,0,0,0,0,0,0,0
Private,Addition|4-digit Addition without carry|Fib||2075|220,q_add_01205_b,1,0,0,0,0,0,0,0,0,0,0
Private,Addition|4-digit Addition without carry|Fib||22|3577,q_add_01032_b,0,0,0,0,0,0,0,0,0,0,0
Private,Addition|4-digit Addition without carry|Fib||281|4406,q_add_06003_b2,1,0,0,0,0,0,0,0,0,0,0
Private,Addition|4-digit Addition without carry|Fib||281|4416,q_add_80035_b,0,0,0,0,0,0,0,0,0,0,0
Private,Addition|4-digit Addition without carry|Fib||401|1503,q_add_04229_b,0,0,0,0,0,0,0,0,0,0,0
Private,Addition|4-digit Addition without carry|Fib||41|1503,q_add_06002_b2,1,0,0,0,0,0,0,0,0,0,0
Private,Addition|4-digit Addition without carry|Fib||41|1653,q_add_80034_b,0,0,0,0,0,0,0,0,0,0,0
Private,Addition|4-digit Addition without carry|Fib||4226|521,q_add_01029_b,0,1,0,0,0,0,0,0,0,0,0
Private,Addition|4-digit Addition without carry|Fib||5013|4,q_add_06001_b2,0,0,0,0,0,0,0,0,0,0,0
Private,Addition|4-digit Addition without carry|Fib||5013|814,q_add_04228_b,1,1,0,0,0,0,0,0,0,0,0
Private,Addition|4-digit Addition without carry|Fib||5091|905,q_add_01031_b,1,0,0,0,0,0,0,0,0,0,0
Private,Addition|4-digit Addition without carry|Fib||5227|3361,q_add_01028_b,0,0,0,0,0,0,0,0,0,0,0
Private,Addition|4-digit Addition without carry|Fib||5283|704,q_add_80033_b,1,0,0,0,0,0,0,0,0,0,0
Private,Addition|4-digit Addition without carry|Fib||5443|1004,q_add_01025_b,1,0,0,0,0,0,0,0,0,0,0
Private,Addition|4-digit Addition without carry|Fib||6000|3350,q_add_04234_b,1,0,0,0,0,0,0,0,0,0,0
Private,Addition|4-digit Addition without carry|Fib||6|3053,q_add_01033_b,0,0,0,0,0,0,0,0,0,0,0
Private,Addition|4-digit Addition without carry|Fib||8102|37,q_add_01027_b,1,0,0,0,0,0,0,0,0,0,0
Private,Addition|5-digit Addition with carry|Fib||13544|504,q_add_04241_b,1,1,0,0,0,0,0,0,0,0,0
Private,Addition|5-digit Addition with carry|Fib||13544|923,q_add_80049_b,0,0,0,0,0,0,0,0,0,0,0
Private,Addition|5-digit Addition with carry|Fib||13|78987,q_add_04240_b,0,0,0,0,0,0,0,0,0,0,0
Private,Addition|5-digit Addition with carry|Fib||16464|75897,q_add_04247_b,0,0,0,0,0,0,0,0,0,0,0
Private,Addition|5-digit Addition with carry|Fib||19|78987,q_add_06009_b2,0,0,0,0,0,0,0,0,0,0,0
Private,Addition|5-digit Addition with carry|Fib||356|51237,q_add_01477_b,0,0,0,0,0,0,0,0,0,0,0
Private,Addition|5-digit Addition with carry|Fib||3600|23500,q_add_01472_b,0,1,0,0,0,0,0,0,0,0,0
Private,Addition|5-digit Addition with carry|Fib||399|20222,q_add_01473_b,0,0,0,0,0,0,0,0,0,0,0
Private,Addition|5-digit Addition with carry|Fib||600|12600,q_add_01478_b,0,1,0,0,0,0,0,0,0,0,0
Private,Addition|5-digit Addition with carry|Fib||6275|20008,q_add_04242_b,1,0,0,0,0,0,0,0,0,0,0
Private,Addition|5-digit Addition with carry|Fib||6275|23218,q_add_80050_b,0,1,0,0,0,0,0,0,0,0,0
Private,Addition|5-digit Addition with carry|Fib||67435|21326,q_add_01471_b,0,0,0,0,0,0,0,0,0,0,0
Private,Addition|5-digit Addition with carry|Fib||67567|13712,q_add_01474_b,0,0,0,0,0,0,0,0,0,0,0
Private,Addition|5-digit Addition with carry|Fib||68020|28281,q_add_04246_b,1,1,0,0,0,0,0,0,0,0,0
Private,Addition|5-digit Addition with carry|Fib||68324|27284,q_add_80048_b,0,1,0,0,0,0,0,0,0,0,0
Private,Addition|5-digit Addition with carry|Fib||69402|11901,q_add_04245_b,0,0,0,0,0,0,0,0,0,0,0
Private,Addition|5-digit Addition with carry|Fib||69472|11954,q_add_80047_b,0,0,0,0,0,0,0,0,0,0,0
Private,Addition|5-digit Addition with carry|Fib||7093|6471,q_add_06008_b2,1,0,0,0,0,0,0,0,0,0,0
Private,Addition|5-digit Addition with carry|Fib||7093|69711,q_add_04243_b,1,0,0,0,0,0,0,0,0,0,0
Private,Addition|5-digit Addition with carry|Fib||7193|69614,q_add_80051_b,0,0,0,0,0,0,0,0,0,0,0
Private,Addition|5-digit Addition with carry|Fib||79283|2333,q_add_04244_b,0,1,0,0,0,0,0,0,0,0,0
Private,Addition|5-digit Addition with carry|Fib||89654|620,q_add_01470_b,1,1,0,0,0,0,0,0,0,0,0
Private,Addition|5-digit Addition with carry|Fib||89999|1,q_add_04238_b,0,0,0,0,0,0,0,0,0,0,0
Private,Addition|5-digit Addition with carry|Fib||8|24563,q_add_04237_b,0,0,0,0,0,0,0,0,0,0,0
Private,Addition|5-digit Addition with carry|Fib||8|41293,q_add_01475_b,0,0,0,0,0,0,0,0,0,0,0
Private,Addition|5-digit Addition without carry|Fib||1028|24561,q_add_06006_b2,1,0,0,0,0,0,0,0,0,0,0
Private,Addition|5-digit Addition without carry|Fib||1328|24561,q_add_80046_b,0,0,0,0,0,0,0,0,0,0,0
Private,Addition|5-digit Addition without carry|Fib||18631|1021,q_add_01279_b,1,1,0,0,0,0,0,0,0,0,0
Private,Addition|5-digit Addition without carry|Fib||30790|30107,q_add_01282_b,1,1,0,0,0,0,0,0,0,0,0
Private,Addition|5-digit Addition without carry|Fib||43562|4,q_add_04236_b,0,0,0,0,0,0,0,0,0,0,0
Private,Addition|5-digit Addition without carry|Fib||44514|13,q_add_01278_b,0,1,0,0,0,0,0,0,0,0,0
Private,Addition|5-digit Addition without carry|Fib||51404|2573,q_add_01281_b,1,0,0,0,0,0,0,0,0,0,0
Private,Addition|5-digit Addition without carry|Fib||52314|50,q_add_80044_b,1,0,0,0,0,0,0,0,0,0,0
Private,Addition|5-digit Addition without carry|Fib||52314|54,q_add_04239_b,0,1,0,0,0,0,0,0,0,0,0
Private,Addition|5-digit Addition without carry|Fib||525|53231,q_add_01280_b,0,0,0,0,0,0,0,0,0,0,0
Private,Addition|5-digit Addition without carry|Fib||56472|42326,q_add_80043_b,0,0,0,0,0,0,0,0,0,0,0
Private,Addition|5-digit Addition without carry|Fib||6|85540,q_add_01277_b,1,0,0,0,0,0,0,0,0,0,0
Private,Addition|5-digit Addition without carry|Fib||76543|12356,q_add_01476_b,0,0,0,0,0,0,0,0,0,0,0
Private,Addition|5-digit Addition without carry|Fib||89078|120,q_add_06007_b2,1,0,0,0,0,0,0,0,0,0,0
Private,Addition|5-digit Addition without carry|Fib||89078|621,q_add_80045_b,1,0,0,0,0,0,0,0,0,0,0
Private,Division|1D/2D by 1D without remainder|Fib||36|3|False,q_div_00611_z,0,0,0,0,0,0,0,0,0,0,0
Private,Division|1D/2D by 1D without remainder|Fib||40|2|False,q_div_02235_b,0,0,0,0,0,0,0,1,0,0,0
Private,Division|1D/2D by 1D without remainder|Fib||48|4|False,q_div_80003_b,0,0,0,0,0,0,0,0,0,0,0
Private,Division|1D/2D by 1D without remainder|Fib||50|5|False,q_div_02236_b,0,0,0,0,0,0,0,1,0,0,0
Private,Division|1D/2D by 1D without remainder|Fib||60|5|False,q_div_00612_z,0,0,0,0,0,0,0,1,0,0,0
Private,Division|1D/2D by 1D without remainder|Fib||64|4|False,q_div_80007_b,0,0,0,0,0,0,0,0,0,0,0
Private,Division|1D/2D by 1D without remainder|Fib||70|5|False,q_div_02245_b,0,0,0,0,0,0,0,1,0,0,0
Private,Division|1D/2D by 1D without remainder|Fib||72|6|False,q_div_80006_b,0,0,0,0,0,0,0,0,0,0,0
Private,Division|1D/2D by 1D without remainder|Fib||75|3|False,q_div_00528_z,0,0,0,0,0,0,0,0,0,0,0
Private,Division|1D/2D by 1D without remainder|Fib||77|7|False,q_div_02230_b,0,0,0,0,0,0,0,0,0,0,0
Private,Division|1D/2D by 1D without remainder|Fib||78|3|False,q_div_02242_b,0,0,0,0,0,0,0,0,0,0,0
Private,Division|1D/2D by 1D without remainder|Fib||80|2|False,q_div_02231_b,0,0,0,0,0,0,0,1,0,0,0
Private,Division|1D/2D by 1D without remainder|Fib||80|4|False,q_div_00468_z,0,0,0,0,0,0,0,1,0,0,0
Private,Division|1D/2D by 1D without remainder|Fib||84|7|False,q_div_02246_b,0,0,0,0,0,0,0,0,0,0,0
Private,Division|1D/2D by 1D without remainder|Fib||90|6|False,q_div_80005_b,0,0,0,0,0,0,0,1,0,0,0
Private,Division|1D/2D by 1D without remainder|Fib||90|9|False,q_div_02243_b,0,0,0,0,0,0,0,1,0,0,0
Private,Division|1D/2D by 1D without remainder|Fib||92|4|False,q_div_02244_b,0,0,0,0,0,0,0,0,0,0,0
Private,Division|1D/2D by 1D without remainder|Fib||96|3|False,q_div_02237_b,0,0,0,0,0,0,0,0,0,0,0
Private,Division|1D/2D by 1D without remainder|Fib||96|8|False,q_div_80008_b,0,0,0,0,0,0,0,0,0,0,0
Private,Division|1D/2D/3D by 1D with remainder|Fib||289|7|True,q_div_02396_b,0,0,0,0,0,0,0,0,0,0,0
Private,Division|1D/2D/3D by 1D with remainder|Fib||301|3|True,q_div_02394_b,0,0,0,0,0,0,0,0,1,0,0
Private,Division|1D/2D/3D by 1D with remainder|Fib||313|6|True,q_div_02475_b,0,0,0,0,0,0,0,0,0,0,0
Private,Division|1D/2D/3D by 1D with remainder|Fib||321|2|True,q_div_01285_b,0,0,0,0,0,0,0,0,0,1,0
Private,Division|1D/2D/3D by 1D with remainder|Fib||329|2|True,q_div_80013_b,0,0,0,0,0,0,0,0,0,0,0
Private,Division|1D/2D/3D by 1D with remainder|Fib||400|3|True,q_div_01281_b,0,0,0,0,0,0,0,1,1,0,0
Private,Division|1D/2D/3D by 1D with remainder|Fib||41|4|True,q_div_01276_b,0,0,0,0,0,0,0,0,0,1,0
Private,Division|1D/2D/3D by 1D with remainder|Fib||438|5|True,q_div_02399_b,0,0,0,0,0,0,0,0,0,0,0
Private,Division|1D/2D/3D by 1D with remainder|Fib||45|2|True,q_div_02472_b,0,0,0,0,0,0,0,0,0,0,0
Private,Division|1D/2D/3D by 1D with remainder|Fib||567|5|True,q_div_02395_b,0,0,0,0,0,0,0,0,0,0,0
Private,Division|1D/2D/3D by 1D with remainder|Fib||60|9|True,q_div_01277_b,0,0,0,0,0,0,0,1,0,0,0
Private,Division|1D/2D/3D by 1D with remainder|Fib||700|6|True,q_div_02398_b,0,0,0,0,0,0,0,1,1,0,0
Private,Division|1D/2D/3D by 1D with remainder|Fib||80|7|True,q_div_01278_b,0,0,0,0,0,0,0,1,0,0,0
Private,Division|1D/2D/3D by 1D with remainder|Fib||849|2|True,q_div_02474_b,0,0,0,0,0,0,0,0,0,0,0
Private,Division|1D/2D/3D by 1D with remainder|Fib||888|9|True,q_div_02476_b,0,0,0,0,0,0,0,0,0,0,0
Private,Division|1D/2D/3D by 1D with remainder|Fib||89|7|True,q_div_80012_b,0,0,0,0,0,0,0,0,0,0,0
Private,Division|1D/2D/3D by 1D with remainder|Fib||8|3|True,q_div_00948_b,0,0,0,0,0,0,0,0,0,0,0
Private,Division|1D/2D/3D by 1D with remainder|Fib||915|4|True,q_div_02397_b,0,0,0,0,0,0,0,0,0,0,0
Private,Division|1D/2D/3D by 1D with remainder|Fib||91|7|True,q_div_00571_b,0,0,0,0,0,0,0,0,0,0,0
Private,Division|1D/2D/3D by 1D with remainder|Fib||95|9|True,q_div_02483_b,0,0,0,0,0,0,0,0,0,1,0
Private,Division|1D/2D/3D by 1D with remainder|Fib||98|3|True,q_div_02473_b,0,0,0,0,0,0,0,0,0,0,0
Private,Division|2D/3D/4D/5D by 2D with and without remainder|Fib||10000|12|True,q_div_06006_b2,0,0,0,0,0,0,0,1,1,0,0
Private,Division|2D/3D/4D/5D by 2D with and without remainder|Fib||1000|13|True,q_div_01770_b,0,0,0,0,0,0,0,1,1,0,0
Private,Division|2D/3D/4D/5D by 2D with and without remainder|Fib||1149|14|True,q_div_80030_b,0,0,0,0,0,0,0,0,0,0,0
Private,Division|2D/3D/4D/5D by 2D with and without remainder|Fib||120|13|True,q_div_02639_b,0,0,0,0,0,0,0,1,0,0,0
Private,Division|2D/3D/4D/5D by 2D with and without remainder|Fib||161|15|True,q_div_01767_b,0,0,0,0,0,0,0,0,0,1,0
Private,Division|2D/3D/4D/5D by 2D with and without remainder|Fib||169|15|True,q_div_80029_b,0,0,0,0,0,0,0,0,0,0,0
Private,Division|2D/3D/4D/5D by 2D with and without remainder|Fib||182|13|True,q_div_80025_b,0,0,0,0,0,0,0,0,0,0,0
Private,Division|2D/3D/4D/5D by 2D with and without remainder|Fib||200|10|True,q_div_01766_b,0,0,0,0,0,0,0,1,1,0,0
Private,Division|2D/3D/4D/5D by 2D with and without remainder|Fib||28644|14|True,q_div_01773_b,0,0,0,0,0,0,0,0,0,0,1
Private,Division|2D/3D/4D/5D by 2D with and without remainder|Fib||40|13|True,q_div_01765_b,0,0,0,0,0,0,0,1,0,0,0
Private,Division|2D/3D/4D/5D by 2D with and without remainder|Fib||46|13|True,q_div_80028_b,0,0,0,0,0,0,0,0,0,0,0
Private,Division|2D/3D/4D/5D by 2D with and without remainder|Fib||47520|11|True,q_div_80026_b,0,0,0,0,0,0,0,1,0,0,0
Private,Division|2D/3D/4D/5D by 2D with and without remainder|Fib||52523|15|True,q_div_02640_b,0,0,0,0,0,0,0,0,0,0,1
Private,Division|2D/3D/4D/5D by 2D with and without remainder|Fib||5322|14|True,q_div_01769_b,0,0,0,0,0,0,0,0,0,1,0
Private,Division|2D/3D/4D/5D by 2D with and without remainder|Fib||53717|15|True,q_div_01774_b,0,0,0,0,0,0,0,0,0,0,0
Private,Division|2D/3D/4D/5D by 2D with and without remainder|Fib||5482|10|True,q_div_01768_b,0,0,0,0,0,0,0,0,0,0,0
Private,Division|2D/3D/4D/5D by 2D with and without remainder|Fib||5482|11|True,q_div_06005_b2,0,0,0,0,0,0,0,0,0,0,0
Private,Division|2D/3D/4D/5D by 2D with and without remainder|Fib||85656|12|True,q_div_80027_b,0,0,0,0,0,0,0,0,0,0,0
Private,Division|2D/3D/4D/5D by 2D with and without remainder|Fib||9156|13|True,q_div_02637_b,0,0,0,0,0,0,0,0,0,0,1
Private,Division|2D/3D/4D/5D by 2D with and without remainder|Fib||9999|11|True,q_div_02641_b,0,0,0,0,0,0,0,0,0,0,1
Private,Division|3D by 1D without remainder|Fib||102|3|True,q_div_01280_b,0,0,0,0,0,0,0,0,1,0,0
Private,Division|3D by 1D without remainder|Fib||111|3|True,q_div_80010_b,0,0,0,0,0,0,0,0,0,0,0
Private,Division|3D by 1D without remainder|Fib||204|2|True,q_div_01279_b,0,0,0,0,0,0,0,0,1,0,0
Private,Division|3D by 1D without remainder|Fib||400|5|True,q_div_01282_b,0,0,0,0,0,0,0,1,1,0,0
Private,Division|3D by 1D without remainder|Fib||450|5|True,q_div_80009_b,0,0,0,0,0,0,0,1,0,0,0
Private,Division|3D by 1D without remainder|Fib||592|4|True,q_div_01283_b,0,0,0,0,0,0,0,0,0,0,0
Private,Division|3D by 1D without remainder|Fib||648|4|True,q_div_01284_b,0,0,0,0,0,0,0,0,0,0,0
Private,Division|3D by 1D without remainder|Fib||675|5|True,q_div_02478_b,0,0,0,0,0,0,0,0,0,0,0
Private,Division|3D by 1D without remainder|Fib||756|9|False,q_div_02347_b,0,0,0,0,0,0,0,0,0,0,0
Private,Division|3D by 1D without remainder|Fib||791|7|False,q_div_02348_b,0,0,0,0,0,0,0,0,0,0,0
Private,Division|3D by 1D without remainder|Fib||832|8|True,q_div_01286_b,0,0,0,0,0,0,0,0,0,0,1
Private,Division|3D by 1D without remainder|Fib||896|8|True,q_div_80011_b,0,0,0,0,0,0,0,0,0,0,0
Private,Division|3D by 1D without remainder|Fib||917|7|False,q_div_02346_b,0,0,0,0,0,0,0,0,0,0,0
Private,Division|4D by 1D with and without remainder|Fib||1131|8|True,q_div_02480_b,0,0,0,0,0,0,0,0,0,0,0
Private,Division|4D by 1D with and without remainder|Fib||1213|3|True,q_div_01289_b,0,0,0,0,0,0,0,0,0,0,1
Private,Division|4D by 1D with and without remainder|Fib||1789|7|True,q_div_01288_b,0,0,0,0,0,0,0,0,0,0,0
Private,Division|4D by 1D with and without remainder|Fib||2078|5|True,q_div_02477_b,0,0,0,0,0,0,0,0,1,0,0
Private,Division|4D by 1D with and without remainder|Fib||3212|2|True,q_div_06001_b2,0,0,0,0,0,0,0,0,0,0,1
Private,Division|4D by 1D with and without remainder|Fib||3747|9|True,q_div_80021_b,0,0,0,0,0,0,0,0,0,0,0
Private,Division|4D by 1D with and without remainder|Fib||3850|7|True,q_div_02479_b,0,0,0,0,0,0,0,1,0,0,0
Private,Division|4D by 1D with and without remainder|Fib||4682|2|True,q_div_80014_b,0,0,0,0,0,0,0,0,0,0,0
Private,Division|4D by 1D with and without remainder|Fib||5649|3|True,q_div_80017_b,0,0,0,0,0,0,0,0,0,0,0
Private,Division|4D by 1D with and without remainder|Fib||6003|6|True,q_div_01287_b,0,0,0,0,0,0,0,0,1,0,0
Private,Division|4D by 1D with and without remainder|Fib||6012|6|True,q_div_06002_b2,0,0,0,0,0,0,0,0,1,0,0
Private,Division|4D by 1D with and without remainder|Fib||6144|3|True,q_div_02482_b,0,0,0,0,0,0,0,0,0,0,1
Private,Division|4D by 1D with and without remainder|Fib||6376|8|True,q_div_80016_b,0,0,0,0,0,0,0,0,0,0,0
Private,Division|4D by 1D with and without remainder|Fib||7004|6|True,q_div_80019_b,0,0,0,0,0,0,0,0,1,0,0
Private,Division|4D by 1D with and without remainder|Fib||7296|6|True,q_div_02481_b,0,0,0,0,0,0,0,0,0,0,0
Private,Division|4D by 1D with and without remainder|Fib||8532|7|True,q_div_80020_b,0,0,0,0,0,0,0,0,0,0,0
Private,Division|4D by 1D with and without remainder|Fib||8570|5|True,q_div_80018_b,0,0,0,0,0,0,0,1,0,0,0
Private,Division|4D by 1D with and without remainder|Fib||9996|4|True,q_div_80015_b,0,0,0,0,0,0,0,0,0,0,0
Private,Division|5D by 1D with and without remainder|Fib||11465|6|True,q_div_02535_b,0,0,0,0,0,0,0,0,0,1,0
Private,Division|5D by 1D with and without remainder|Fib||11935|5|True,q_div_02536_b,0,0,0,0,0,0,0,0,0,0,0
Private,Division|5D by 1D with and without remainder|Fib||15428|9|True,q_div_02642_b,0,0,0,0,0,0,0,0,0,0,0
Private,Division|5D by 1D with and without remainder|Fib||28462|2|True,q_div_80022_b,0,0,0,0,0,0,0,0,0,0,0
Private,Division|5D by 1D with and without remainder|Fib||28644|3|True,q_div_06003_b2,0,0,0,0,0,0,0,0,0,0,0
Private,Division|5D by 1D with and without remainder|Fib||50400|6|True,q_div_02638_b,0,0,0,0,0,0,0,1,1,0,0
Private,Division|5D by 1D with and without remainder|Fib||51161|5|True,q_div_06004_b2,0,0,0,0,0,0,0,0,0,0,1
Private,Division|5D by 1D with and without remainder|Fib||64296|6|True,q_div_01771_b,0,0,0,0,0,0,0,0,0,0,1
Private,Division|5D by 1D with and without remainder|Fib||76540|8|True,q_div_80023_b,0,0,0,0,0,0,0,1,0,0,0
Private,Division|5D by 1D with and without remainder|Fib||78309|7|True,q_div_02537_b,0,0,0,0,0,0,0,0,1,0,0
Private,Division|5D by 1D with and without remainder|Fib||83818|9|True,q_div_80024_b,0,0,0,0,0,0,0,0,0,0,0
Private,Division|5D by 1D with and without remainder|Fib||94721|7|True,q_div_01772_b,0,0,0,0,0,0,0,0,0,0,0
Private,Division|Division using Distribution|Fib||10|2|False,q_div_00100_b,0,0,0,0,0,0,0,1,0,0,0
Private,Division|Division using Distribution|Fib||10|5|False,q_div_00086_b,0,0,0,0,0,0,0,1,0,0,0
Private,Division|Division using Distribution|Fib||12|3|False,q_div_00085_b,0,0,0,0,0,0,0,0,0,0,0
Private,Division|Division using Distribution|Fib||12|4|False,q_div_00104_b,0,0,0,0,0,0,0,0,0,0,0
Private,Division|Division using Distribution|Fib||15|3|False,q_div_02034_b,0,0,0,0,0,0,0,0,0,0,0
Private,Division|Division using Distribution|Fib||15|5|False,q_div_02032_b,0,0,0,0,0,0,0,0,0,0,0
Private,Division|Division using Distribution|Fib||16|4|False,q_div_02033_b,0,0,0,0,0,0,0,0,0,0,0
Private,Division|Division using Distribution|Fib||2|2|False,q_div_00073_b,0,0,0,0,0,0,0,0,0,0,0
Private,Division|Division using Distribution|Fib||5|5|False,q_div_00072_b,0,0,0,0,0,0,0,0,0,0,0
Private,Division|Division using Distribution|Fib||6|2|False,q_div_00050_b,0,0,0,0,0,0,0,0,0,0,0
Private,Division|Division using Distribution|Fib||6|3|False,q_div_00074_b,0,0,0,0,0,0,0,0,0,0,0
Private,Division|Division using Distribution|Fib||8|2|False,q_div_02031_b,0,0,0,0,0,0,0,0,0,0,0
Private,Division|Division using Distribution|Fib||8|4|False,q_div_00047_b,0,0,0,0,0,0,0,0,0,0,0
Private,Division|Division using Distribution|Fib||9|3|False,q_div_00049_b,0,0,0,0,0,0,0,0,0,0,0
Private,Division|Relationship between Multiplication and Division|Fib||14|7|False,q_div_02081_b,0,0,0,0,0,0,0,0,0,0,0
Private,Division|Relationship between Multiplication and Division|Fib||16|8|False,q_div_02084_b,0,0,0,0,0,0,0,0,0,0,0
Private,Division|Relationship between Multiplication and Division|Fib||18|6|False,q_div_00242_z,0,0,0,0,0,0,0,0,0,0,0
Private,Division|Relationship between Multiplication and Division|Fib||18|9|False,q_div_02082_b,0,0,0,0,0,0,0,0,0,0,0
Private,Division|Relationship between Multiplication and Division|Fib||27|9|False,q_div_02085_b,0,0,0,0,0,0,0,0,0,0,0
Private,Division|Relationship between Multiplication and Division|Fib||28|7|False,q_div_02086_b,0,0,0,0,0,0,0,0,0,0,0
Private,Division|Relationship between Multiplication and Division|Fib||32|8|False,q_div_02088_b,0,0,0,0,0,0,0,0,0,0,0
Private,Division|Relationship between Multiplication and Division|Fib||40|8|False,q_div_80002_b,0,0,0,0,0,0,0,1,0,0,0
Private,Division|Relationship between Multiplication and Division|Fib||42|7|False,q_div_02083_b,0,0,0,0,0,0,0,0,0,0,0
Private,Division|Relationship between Multiplication and Division|Fib||48|8|False,q_div_02087_b,0,0,0,0,0,0,0,0,0,0,0
Private,Division|Relationship between Multiplication and Division|Fib||4|2|False,q_div_00387_z,0,0,0,0,0,0,0,0,0,0,0
Private,Division|Relationship between Multiplication and Division|Fib||7|7|False,q_div_00279_z,0,0,0,0,0,0,0,0,0,0,0
Private,Multiplication|2D x 1D|Fib||12|4,q_mul_00824_b,0,0,0,0,0,0,0,0,0,0,0
Private,Multiplication|2D x 1D|Fib||23|9,q_mul_0341_b,0,0,0,0,0,0,0,0,0,0,0
Private,Multiplication|2D x 1D|Fib||25|3,q_mul_01083_b,0,0,0,0,0,0,0,0,0,0,0
Private,Multiplication|2D x 1D|Fib||33|6,q_mul_0248_b,0,0,0,0,0,0,0,0,0,0,0
Private,Multiplication|2D x 1D|Fib||34|2,q_mul_80012_b,0,0,0,0,0,0,0,0,0,0,0
Private,Multiplication|2D x 1D|Fib||34|5,q_mul_0243_b,0,0,0,0,0,0,0,0,0,0,0
Private,Multiplication|2D x 1D|Fib||34|8,q_mul_0241_b,0,0,0,0,0,0,0,0,0,0,0
Private,Multiplication|2D x 1D|Fib||40|8,q_mul_00902_b,0,0,0,0,0,0,1,0,0,0,0
Private,Multiplication|2D x 1D|Fib||42|5,q_mul_0239_b,0,0,0,0,0,0,0,0,0,0,0
Private,Multiplication|2D x 1D|Fib||46|6,q_mul_0245_b,0,0,0,0,0,1,0,0,0,0,0
Private,Multiplication|2D x 1D|Fib||53|5,q_mul_0240_b,0,0,0,0,0,1,0,0,0,0,0
Private,Multiplication|2D x 1D|Fib||63|3,q_mul_0247_b,0,0,0,0,0,1,0,0,0,0,0
Private,Multiplication|2D x 1D|Fib||74|2,q_mul_0339_b,0,0,0,0,0,0,0,0,0,0,0
Private,Multiplication|2D x 1D|Fib||83|3,q_mul_0249_b,0,0,0,0,0,1,0,0,0,0,0
Private,Multiplication|2D x 1D|Fib||83|9,q_mul_0246_b,0,0,0,0,0,0,0,0,0,0,0
Private,Multiplication|2D x 1D|Fib||93|4,q_mul_0244_b,0,0,0,0,0,0,0,0,0,0,0
Private,Multiplication|2D x 1D|Fib||93|6,q_mul_0242_b,0,0,0,0,0,0,0,0,0,0,0
Private,Multiplication|2D x 1D|Fib||99|9,q_mul_01084_b,0,0,0,0,0,1,0,0,0,0,0
Private,Multiplication|2D x 2D|Fib||15|30,q_mul_0344_b,0,0,0,0,0,0,1,0,0,0,0
Private,Multiplication|2D x 2D|Fib||19|17,q_mul_0338_b,0,0,0,0,0,0,0,0,0,0,0
Private,Multiplication|2D x 2D|Fib||21|37,q_mul_0347_b,0,0,0,0,0,0,0,0,0,0,0
Private,Multiplication|2D x 2D|Fib||23|32,q_mul_80013_b,0,0,0,0,0,1,0,0,0,0,0
Private,Multiplication|2D x 2D|Fib||23|33,q_mul_0337_b,0,0,0,0,0,1,0,0,0,0,0
Private,Multiplication|2D x 2D|Fib||24|13,q_mul_80015_b,0,0,0,0,0,0,0,0,0,0,0
Private,Multiplication|2D x 2D|Fib||24|30,q_mul_0349_b,0,0,0,0,0,0,1,0,0,0,0
Private,Multiplication|2D x 2D|Fib||28|12,q_mul_0348_b,0,0,0,0,0,1,0,0,0,0,0
Private,Multiplication|2D x 2D|Fib||28|15,q_mul_01088_b,0,0,0,0,0,0,0,0,0,0,0
Private,Multiplication|2D x 2D|Fib||30|20,q_mul_01085_b,0,0,0,0,0,0,1,0,0,0,0
Private,Multiplication|2D x 2D|Fib||31|12,q_mul_01087_b,0,0,0,0,0,0,0,0,0,0,0
Private,Multiplication|2D x 2D|Fib||37|23,q_mul_00537_b,0,0,0,0,0,1,0,0,0,0,0
Private,Multiplication|2D x 2D|Fib||42|21,q_mul_80014_b,0,0,0,0,0,1,0,0,0,0,0
Private,Multiplication|2D x 2D|Fib||43|12,q_mul_0346_b,0,0,0,0,0,0,0,0,0,0,0
Private,Multiplication|2D x 2D|Fib||43|16,q_mul_0343_b,0,0,0,0,0,0,0,0,0,0,0
Private,Multiplication|2D x 2D|Fib||50|12,q_mul_0340_b,0,0,0,0,0,0,1,0,0,0,0
Private,Multiplication|2D x 2D|Fib||50|17,q_mul_01086_b,0,0,0,0,0,0,1,0,0,0,0
Private,Multiplication|2D x 2D|Fib||54|18,q_mul_80016_b,0,0,0,0,0,0,0,0,0,0,0
Private,Multiplication|2D x 2D|Fib||56|13,q_mul_0345_b,0,0,0,0,0,0,0,0,0,0,0
Private,Multiplication|2D x 2D|Fib||65|13,q_mul_01089_b,0,0,0,0,0,0,0,0,0,0,0
Private,Multiplication|3D x 1D|Fib||100|3,q_mul_01170_b,0,0,0,0,0,0,1,0,0,0,0
Private,Multiplication|3D x 1D|Fib||126|8,q_mul_0500_b,0,0,0,0,0,0,0,0,0,0,0
Private,Multiplication|3D x 1D|Fib||207|6,q_mul_0377_b,0,0,0,0,0,0,1,0,0,0,0
Private,Multiplication|3D x 1D|Fib||216|5,q_mul_0376_b,0,0,0,0,0,0,0,0,0,0,0
Private,Multiplication|3D x 1D|Fib||243|2,q_mul_80017_b,0,0,0,0,0,1,0,0,0,0,0
Private,Multiplication|3D x 1D|Fib||274|4,q_mul_0379_b,0,0,0,0,0,1,0,0,0,0,0
Private,Multiplication|3D x 1D|Fib||304|7,q_mul_0378_b,0,0,0,0,0,0,1,0,0,0,0
Private,Multiplication|3D x 1D|Fib||321|4,q_mul_00329_b,0,0,0,0,0,0,0,0,0,0,0
Private,Multiplication|3D x 1D|Fib||392|5,q_mul_0381_b,0,0,0,0,0,0,0,0,0,0,0
Private,Multiplication|3D x 1D|Fib||423|7,q_mul_06001_b2,0,0,0,0,0,0,0,0,0,0,0
Private,Multiplication|3D x 1D|Fib||503|4,q_mul_0382_b,0,0,0,0,0,0,1,0,0,0,0
Private,Multiplication|3D x 1D|Fib||508|3,q_mul_01535_b,0,0,0,0,0,0,1,0,0,0,0
Private,Multiplication|3D x 1D|Fib||569|7,q_mul_80018_b,0,0,0,0,0,0,0,0,0,0,0
Private,Multiplication|3D x 1D|Fib||643|5,q_mul_0380_b,0,0,0,0,0,0,0,0,0,0,0
Private,Multiplication|3D x 2D|Fib||126|19,q_mul_0508_b,0,0,0,0,0,0,0,0,0,0,0
Private,Multiplication|3D x 2D|Fib||134|23,q_mul_0503_b,0,0,0,0,0,1,0,0,0,0,0
Private,Multiplication|3D x 2D|Fib||143|16,q_mul_0499_b,0,0,0,0,0,0,0,0,0,0,0
Private,Multiplication|3D x 2D|Fib||154|24,q_mul_0504_b,0,0,0,0,0,1,0,0,0,0,0
Private,Multiplication|3D x 2D|Fib||156|13,q_mul_0502_b,0,0,0,0,0,0,0,0,0,0,0
Private,Multiplication|3D x 2D|Fib||157|16,q_mul_0505_b,0,0,0,0,0,0,0,0,0,0,0
Private,Multiplication|3D x 2D|Fib||169|37,q_mul_80024_b,0,0,0,0,0,0,0,0,0,0,0
Private,Multiplication|3D x 2D|Fib||209|35,q_mul_80021_b,0,0,0,0,0,0,1,0,0,0,0
Private,Multiplication|3D x 2D|Fib||213|32,q_mul_80019_b,0,0,0,0,0,1,0,0,0,0,0
Private,Multiplication|3D x 2D|Fib||216|34,q_mul_80022_b,0,0,0,0,0,0,0,0,0,0,0
Private,Multiplication|3D x 2D|Fib||216|39,q_mul_0507_b,0,0,0,0,0,0,0,0,0,0,0
Private,Multiplication|3D x 2D|Fib||230|20,q_mul_01536_b,0,0,0,0,0,1,1,0,0,0,0
Private,Multiplication|3D x 2D|Fib||297|28,q_mul_80025_b,0,0,0,0,0,1,0,0,0,0,0
Private,Multiplication|3D x 2D|Fib||302|31,q_mul_80020_b,0,0,0,0,0,1,1,0,0,0,0
Private,Multiplication|3D x 2D|Fib||309|30,q_mul_0506_b,0,0,0,0,0,1,1,0,0,0,0
Private,Multiplication|3D x 2D|Fib||324|25,q_mul_0501_b,0,0,0,0,0,1,0,0,0,0,0
Private,Multiplication|3D x 2D|Fib||324|26,q_mul_80023_b,0,0,0,0,0,1,0,0,0,0,0
Private,Multiplication|3D x 2D|Fib||393|19,q_mul_01537_b,0,0,0,0,0,1,0,0,0,0,0
Private,Multiplication|3D x 2D|Fib||423|12,q_mul_01366_b,0,0,0,0,0,1,0,0,0,0,0
Private,Multiplication|3D x 2D|Fib||69|37,q_mul_01534_b,0,0,0,0,0,0,0,0,0,0,0
Private,Multiplication|3D x 2D|Fib||91|62,q_mul_01533_b,0,0,0,0,0,0,0,0,0,0,0
Private,Multiplication|3D x 3D|Fib||153|306,q_mul_0661_b,0,0,0,0,0,1,1,0,0,0,0
Private,Multiplication|3D x 3D|Fib||230|201,q_mul_80033_b,0,0,0,0,0,1,1,0,0,0,0
Private,Multiplication|3D x 3D|Fib||232|235,q_mul_0662_b,0,0,0,0,0,1,0,0,0,0,0
Private,Multiplication|3D x 3D|Fib||249|348,q_mul_80038_b,0,0,0,0,0,1,0,0,0,0,0
Private,Multiplication|3D x 3D|Fib||278|345,q_mul_80037_b,0,0,0,0,0,0,0,0,0,0,0
Private,Multiplication|3D x 3D|Fib||312|231,q_mul_80034_b,0,0,0,0,0,1,0,0,0,0,0
Private,Multiplication|3D x 3D|Fib||334|285,q_mul_02010_b,0,0,0,0,0,0,0,0,0,0,0
Private,Multiplication|3D x 3D|Fib||349|156,q_mul_06006_b2,0,0,0,0,0,0,0,0,0,0,0
Private,Multiplication|3D x 3D|Fib||353|235,q_mul_0667_b,0,0,0,0,0,1,0,0,0,0,0
Private,Multiplication|3D x 3D|Fib||376|264,q_mul_80039_b,0,0,0,0,0,1,0,0,0,0,0
Private,Multiplication|3D x 3D|Fib||456|142,q_mul_80035_b,0,0,0,0,0,1,0,0,0,0,0
Private,Multiplication|3D x 3D|Fib||487|205,q_mul_80036_b,0,0,0,0,0,0,1,0,0,0,0
Private,Multiplication|3D x 3D|Fib||748|111,q_mul_02009_b,0,0,0,0,0,0,0,0,0,0,0
Private,Multiplication|3D x 3D|Fib||842|100,q_mul_02008_b,0,0,0,0,0,0,1,0,0,0,0
Private,Multiplication|4D x 2D|Fib||1238|18,q_mul_0666_b,0,0,0,0,0,1,0,0,0,0,0
Private,Multiplication|4D x 2D|Fib||1430|47,q_mul_06005_b2,0,0,0,0,0,1,1,0,0,0,0
Private,Multiplication|4D x 2D|Fib||1527|35,q_mul_06004_b2,0,0,0,0,0,1,0,0,0,0,0
Private,Multiplication|4D x 2D|Fib||1748|56,q_mul_80032_b,0,0,0,0,0,0,0,0,0,0,0
Private,Multiplication|4D x 2D|Fib||2012|23,q_mul_80029_b,0,0,0,0,0,1,1,0,0,0,0
Private,Multiplication|4D x 2D|Fib||2343|24,q_mul_0663_b,0,0,0,0,0,1,0,0,0,0,0
Private,Multiplication|4D x 2D|Fib||238|18,q_mul_0664_b,0,0,0,0,0,1,0,0,0,0,0
Private,Multiplication|4D x 2D|Fib||2940|14,q_mul_02006_b,0,0,0,0,0,1,1,0,0,0,0
Private,Multiplication|4D x 2D|Fib||2942|14,q_mul_80031_b,0,0,0,0,0,1,0,0,0,0,0
Private,Multiplication|4D x 2D|Fib||3004|23,q_mul_0613_b,0,0,0,0,0,1,1,0,0,0,0
Private,Multiplication|4D x 2D|Fib||3045|13,q_mul_0615_b,0,0,0,0,0,1,1,0,0,0,0
Private,Multiplication|4D x 2D|Fib||3205|19,q_mul_0614_b,0,0,0,0,0,0,1,0,0,0,0
Private,Multiplication|4D x 2D|Fib||3243|25,q_mul_0660_b,0,0,0,0,0,1,0,0,0,0,0
Private,Multiplication|4D x 2D|Fib||3432|20,q_mul_80030_b,0,0,0,0,0,1,1,0,0,0,0
Private,Multiplication|4D x 2D|Fib||3942|23,q_mul_02007_b,0,0,0,0,0,1,0,0,0,0,0
Private,Multiplication|4D x 2D|Fib||999|99,q_mul_02003_b,0,0,0,0,0,1,0,0,0,0,0
Private,Multiplication|4D/5D x 1D|Fib||10009|8,q_mul_0569_b,0,0,0,0,0,0,1,0,0,0,0
Private,Multiplication|4D/5D x 1D|Fib||10056|7,q_mul_0566_b,0,0,0,0,0,0,1,0,0,0,0
Private,Multiplication|4D/5D x 1D|Fib||1005|6,q_mul_0565_b,0,0,0,0,0,0,1,0,0,0,0
Private,Multiplication|4D/5D x 1D|Fib||10674|6,q_mul_0568_b,0,0,0,0,0,1,1,0,0,0,0
Private,Multiplication|4D/5D x 1D|Fib||1087|7,q_mul_0564_b,0,0,0,0,0,1,1,0,0,0,0
Private,Multiplication|4D/5D x 1D|Fib||12343|6,q_mul_0665_b,0,0,0,0,0,0,0,0,0,0,0
Private,Multiplication|4D/5D x 1D|Fib||14004|5,q_mul_0567_b,0,0,0,0,0,0,1,0,0,0,0
Private,Multiplication|4D/5D x 1D|Fib||17091|3,q_mul_06003_b2,0,0,0,0,0,0,1,0,0,0,0
Private,Multiplication|4D/5D x 1D|Fib||1999|9,q_mul_06002_b2,0,0,0,0,0,1,0,0,0,0,0
Private,Multiplication|4D/5D x 1D|Fib||2001|4,q_mul_80026_b,0,0,0,0,0,0,1,0,0,0,0
Private,Multiplication|4D/5D x 1D|Fib||26578|3,q_mul_80028_b,0,0,0,0,0,0,0,0,0,0,0
Private,Multiplication|4D/5D x 1D|Fib||30986|2,q_mul_80027_b,0,0,0,0,0,0,1,0,0,0,0
Private,Multiplication|4D/5D x 1D|Fib||43142|2,q_mul_02005_b,0,0,0,0,0,1,0,0,0,0,0
Private,Multiplication|4D/5D x 1D|Fib||7452|5,q_mul_02004_b,0,0,0,0,0,1,0,0,0,0,0
Private,Multiplication|Repeated addition|Fib||2|2,q_mul_00192_b,0,0,0,0,0,1,0,0,0,0,0
Private,Multiplication|Repeated addition|Fib||4|4,q_mul_0030_b,0,0,0,0,0,1,0,0,0,0,0
Private,Multiplication|Repeated addition|Fib||4|8,q_mul_0031_b,0,0,0,0,0,0,0,0,0,0,0
Private,Multiplication|Repeated addition|Fib||5|6,q_mul_00164_b,0,0,0,0,0,0,0,0,0,0,0
Private,Multiplication|Repeated addition|Fib||5|9,q_mul_00169_b,0,0,0,0,0,0,0,0,0,0,0
Private,Multiplication|Repeated addition|Mcq|2 + 2 + 2 + 2 + 2|0|0,q_mul_80001_b,0,0,0,0,0,0,0,0,0,0,0
Private,Multiplication|Repeated addition|Mcq|3 + 3 + 3 + 3 + 3 + 3|0|0,q_mul_80002_b,0,0,0,0,0,0,0,0,0,0,0
Private,Multiplication|Repeated addition|Mcq|4 + 4 + 4 + 4 + 4|0|0,q_mul_80003_b,0,0,0,0,0,0,0,0,0,0,0
Private,Multiplication|Repeated addition|Mcq|6 x 3|0|0,q_mul_80004_b,0,0,0,0,0,0,0,0,0,0,0
Private,Multiplication|Repeated addition|Mcq|7 x 4|0|0,q_mul_80005_b,0,0,0,0,0,0,0,0,0,0,0
Private,Multiplication|Tables 1 to 9|Fib||3|3,q_mul_00082_b,0,0,0,0,0,1,0,0,0,0,0
Private,Multiplication|Tables 1 to 9|Fib||4|2,q_mul_00604_b,0,0,0,0,0,0,0,0,0,0,0
Private,Multiplication|Tables 1 to 9|Fib||6|0,q_mul_00863_b,0,0,0,0,0,0,1,0,0,0,0
Private,Multiplication|Tables 1 to 9|Fib||6|3,q_mul_0139_b,0,0,0,0,0,0,0,0,0,0,0
Private,Multiplication|Tables 1 to 9|Fib||6|9,q_mul_0144_b,0,0,0,0,0,0,0,0,0,0,0
Private,Multiplication|Tables 1 to 9|Fib||7|3,q_mul_0140_b,0,0,0,0,0,0,0,0,0,0,0
Private,Multiplication|Tables 1 to 9|Fib||7|6,q_mul_00666_b,0,0,0,0,0,0,0,0,0,0,0
Private,Multiplication|Tables 1 to 9|Fib||7|7,q_mul_0142_b,0,0,0,0,0,1,0,0,0,0,0
Private,Multiplication|Tables 1 to 9|Fib||8|4,q_mul_00696_b,0,0,0,0,0,0,0,0,0,0,0
Private,Multiplication|Tables 1 to 9|Fib||9|8,q_mul_01082_b,0,0,0,0,0,0,0,0,0,0,0
Private,"Multiplication|Tables 1, 2 and 5|Fib||2|3",q_mul_80006_b,0,0,0,0,0,0,0,0,0,0,0
Private,"Multiplication|Tables 1, 2 and 5|Fib||2|4",q_mul_00079_b,0,0,0,0,0,0,0,0,0,0,0
Private,"Multiplication|Tables 1, 2 and 5|Fib||2|6",q_mul_80007_b,0,0,0,0,0,0,0,0,0,0,0
Private,"Multiplication|Tables 1, 2 and 5|Fib||2|7",q_mul_00123_b,0,0,0,0,0,0,0,0,0,0,0
Private,"Multiplication|Tables 1, 2 and 5|Fib||2|9",q_mul_00130_b,0,0,0,0,0,0,0,0,0,0,0
Private,"Multiplication|Tables 1, 2 and 5|Fib||5|3",q_mul_00163_b,0,0,0,0,0,0,0,0,0,0,0
Private,"Multiplication|Tables 1, 2 and 5|Fib||5|4",q_mul_80008_b,0,0,0,0,0,0,0,0,0,0,0
Private,"Multiplication|Tables 1, 2 and 5|Fib||5|5",q_mul_00171_b,0,0,0,0,0,1,0,0,0,0,0
Private,"Multiplication|Tables 1, 2 and 5|Fib||5|7",q_mul_80009_b,0,0,0,0,0,0,0,0,0,0,0
Private,"Multiplication|Tables 1, 2 and 5|Fib||5|8",q_mul_80010_b,0,0,0,0,0,0,0,0,0,0,0
Private,Subtraction|10 to 19 - 1D|Fib||10|2,q_sub_0137_b,0,0,0,0,0,0,0,0,0,0,0
Private,Subtraction|10 to 19 - 1D|Fib||10|3,q_sub_00265_b,0,0,0,0,0,0,0,0,0,0,0
Private,Subtraction|10 to 19 - 1D|Fib||11|2,q_sub_03989_b,0,0,0,0,0,0,0,0,0,0,0
Private,Subtraction|10 to 19 - 1D|Fib||11|4,q_sub_0143_b,0,0,0,0,0,0,0,0,0,0,0
Private,Subtraction|10 to 19 - 1D|Fib||11|5,q_sub_80002_b,0,0,0,0,0,0,0,0,0,0,0
Private,Subtraction|10 to 19 - 1D|Fib||11|7,q_sub_0138_b,0,0,0,0,0,0,0,0,0,0,0
Private,Subtraction|10 to 19 - 1D|Fib||12|5,q_sub_0135_b,0,0,0,0,0,0,0,0,0,0,0
Private,Subtraction|10 to 19 - 1D|Fib||12|6,q_sub_0142_b,0,0,0,0,0,0,0,0,0,0,0
Private,Subtraction|10 to 19 - 1D|Fib||12|7,q_sub_06004_b2,0,0,0,0,0,0,0,0,0,0,0
Private,Subtraction|10 to 19 - 1D|Fib||12|8,q_sub_00310_b,0,0,0,0,0,0,0,0,0,0,0
Private,Subtraction|10 to 19 - 1D|Fib||12|9,q_sub_0139_b,0,0,0,0,0,0,0,0,0,0,0
Private,Subtraction|10 to 19 - 1D|Fib||13|5,q_sub_00301_b,0,0,0,0,0,0,0,0,0,0,0
Private,Subtraction|10 to 19 - 1D|Fib||14|7,q_sub_00308_b,0,0,0,0,0,0,0,0,0,0,0
Private,Subtraction|10 to 19 - 1D|Fib||15|6,q_sub_00288_b,0,0,0,0,0,0,0,0,0,0,0
Private,Subtraction|10 to 19 - 1D|Fib||16|7,q_sub_0145_b,0,0,0,0,0,0,0,0,0,0,0
Private,Subtraction|10 to 19 - 1D|Fib||16|8,q_sub_0141_b,0,0,0,0,0,0,0,0,0,0,0
Private,Subtraction|10 to 19 - 1D|Fib||17|9,q_sub_00306_b,0,0,0,0,0,0,0,0,0,0,0
Private,Subtraction|10 to 19 - 1D|Fib||18|9,q_sub_0146_b,0,0,0,0,0,0,0,0,0,0,0
Private,Subtraction|1D - 0 to 9|Fib||2|1,q_sub_0072_b,0,0,0,0,0,0,0,0,0,0,0
Private,Subtraction|1D - 0 to 9|Fib||3|0,q_sub_0140_b,0,0,1,0,0,0,0,0,0,0,0
Private,Subtraction|1D - 0 to 9|Fib||3|1,q_sub_0073_b,0,0,0,0,0,0,0,0,0,0,0
Private,Subtraction|1D - 0 to 9|Fib||4|3,q_sub_80001_b,0,0,0,0,0,0,0,0,0,0,0
Private,Subtraction|1D - 0 to 9|Fib||4|4,q_sub_0144_b,0,0,0,0,1,0,0,0,0,0,0
Private,Subtraction|1D - 0 to 9|Fib||5|0,q_sub_00231_b,0,0,1,0,0,0,0,0,0,0,0
Private,Subtraction|1D - 0 to 9|Fib||5|1,q_sub_0079_b,0,0,0,0,0,0,0,0,0,0,0
Private,Subtraction|1D - 0 to 9|Fib||6|4,q_sub_03988_b,0,0,0,0,0,0,0,0,0,0,0
Private,Subtraction|1D - 0 to 9|Fib||7|4,q_sub_0136_b,0,0,0,0,0,0,0,0,0,0,0
Private,Subtraction|1D - 0 to 9|Fib||7|7,q_sub_00228_b,0,0,0,0,1,0,0,0,0,0,0
Private,Subtraction|1D - 0 to 9|Fib||8|5,q_sub_00189_b,0,0,0,0,0,0,0,0,0,0,0
Private,Subtraction|1D - 0 to 9|Fib||8|7,q_sub_0082_b,0,0,0,0,0,0,0,0,0,0,0
Private,Subtraction|1D - 0 to 9|Fib||9|4,q_sub_0074_b,0,0,0,0,0,0,0,0,0,0,0
Private,Subtraction|1D - 0 to 9|Fib||9|6,q_sub_00190_b,0,0,0,0,0,0,0,0,0,0,0
Private,Subtraction|1D - 1 to 4|Fib||5|3,q_sub_06001_b2,0,0,0,0,0,0,0,0,0,0,0
Private,Subtraction|1D - 1 to 4|Fib||7|1,q_sub_06003_b2,0,0,0,0,0,0,0,0,0,0,0
Private,Subtraction|1D - 1 to 4|Fib||9|2,q_sub_06002_b2,0,0,0,0,0,0,0,0,0,0,0
Private,Subtraction|2-digit Subtraction with borrowing|Fib||43|17,q_sub_03998_b,0,0,0,0,0,0,0,0,0,0,0
Private,Subtraction|2-digit Subtraction with borrowing|Fib||50|28,q_sub_04000_b,0,0,0,1,0,0,0,0,0,0,0
Private,Subtraction|2-digit Subtraction with borrowing|Fib||51|23,q_sub_0551_b,0,0,0,0,0,0,0,0,0,0,0
Private,Subtraction|2-digit Subtraction with borrowing|Fib||54|27,q_sub_0548_b,0,0,0,0,0,0,0,0,0,0,0
Private,Subtraction|2-digit Subtraction with borrowing|Fib||54|47,q_sub_80009_b,0,0,0,0,1,0,0,0,0,0,0
Private,Subtraction|2-digit Subtraction with borrowing|Fib||68|29,q_sub_0553_b,0,0,0,0,0,0,0,0,0,0,0
Private,Subtraction|2-digit Subtraction with borrowing|Fib||68|59,q_sub_80011_b,0,0,0,0,1,0,0,0,0,0,0
Private,Subtraction|2-digit Subtraction with borrowing|Fib||75|29,q_sub_80010_b,0,0,0,0,0,0,0,0,0,0,0
Private,Subtraction|2-digit Subtraction with borrowing|Fib||76|57,q_sub_0550_b,0,0,0,0,0,0,0,0,0,0,0
Private,Subtraction|2-digit Subtraction with borrowing|Fib||85|26,q_sub_0559_b,0,0,0,0,0,0,0,0,0,0,0
Private,Subtraction|2-digit Subtraction with borrowing|Fib||90|15,q_sub_0552_b,0,0,0,1,0,0,0,0,0,0,0
Private,Subtraction|2-digit Subtraction with borrowing|Fib||91|76,q_sub_03999_b,0,0,0,0,0,0,0,0,0,0,0
Private,Subtraction|2-digit Subtraction without borrowing|Fib||19|2,q_sub_0364_b,0,0,0,0,0,0,0,0,0,0,0
Private,Subtraction|2-digit Subtraction without borrowing|Fib||19|4,q_sub_03990_b,0,0,0,0,0,0,0,0,0,0,0
Private,Subtraction|2-digit Subtraction without borrowing|Fib||25|15,q_sub_0547_b,0,0,0,0,1,0,0,0,0,0,0
Private,Subtraction|2-digit Subtraction without borrowing|Fib||26|2,q_sub_0361_b,0,0,0,0,0,0,0,0,0,0,0
Private,Subtraction|2-digit Subtraction without borrowing|Fib||36|26,q_sub_0554_b,0,0,0,0,1,0,0,0,0,0,0
Private,Subtraction|2-digit Subtraction without borrowing|Fib||37|20,q_sub_80005_b,0,0,1,0,0,0,0,0,0,0,0
Private,Subtraction|2-digit Subtraction without borrowing|Fib||38|3,q_sub_0366_b,0,0,0,0,0,0,0,0,0,0,0
Private,Subtraction|2-digit Subtraction without borrowing|Fib||40|0,q_sub_0365_b,0,0,0,0,0,0,0,0,0,0,0
Private,Subtraction|2-digit Subtraction without borrowing|Fib||42|2,q_sub_0359_b,0,0,0,0,1,0,0,0,0,0,0
Private,Subtraction|2-digit Subtraction without borrowing|Fib||54|3,q_sub_0358_b,0,0,0,0,0,0,0,0,0,0,0
Private,Subtraction|2-digit Subtraction without borrowing|Fib||56|0,q_sub_0355_b,0,0,1,0,0,0,0,0,0,0,0
Private,Subtraction|2-digit Subtraction without borrowing|Fib||58|1,q_sub_0363_b,0,0,0,0,0,0,0,0,0,0,0
Private,Subtraction|2-digit Subtraction without borrowing|Fib||59|0,q_sub_03991_b,0,0,1,0,0,0,0,0,0,0,0
Private,Subtraction|2-digit Subtraction without borrowing|Fib||60|10,q_sub_01222_b,0,0,0,0,0,0,0,0,0,0,0
Private,Subtraction|2-digit Subtraction without borrowing|Fib||62|1,q_sub_0353_b,0,0,0,0,0,0,0,0,0,0,0
Private,Subtraction|2-digit Subtraction without borrowing|Fib||63|2,q_sub_0354_b,0,0,0,0,0,0,0,0,0,0,0
Private,Subtraction|2-digit Subtraction without borrowing|Fib||63|21,q_sub_0557_b,0,0,0,0,0,0,0,0,0,0,0
Private,Subtraction|2-digit Subtraction without borrowing|Fib||73|3,q_sub_0362_b,0,0,0,0,1,0,0,0,0,0,0
Private,Subtraction|2-digit Subtraction without borrowing|Fib||87|45,q_sub_80007_b,0,0,0,0,0,0,0,0,0,0,0
Private,Subtraction|2-digit Subtraction without borrowing|Fib||88|11,q_sub_03994_b,0,0,0,0,0,0,0,0,0,0,0
Private,Subtraction|2-digit Subtraction without borrowing|Fib||91|1,q_sub_0360_b,0,0,0,0,1,0,0,0,0,0,0
Private,Subtraction|2-digit Subtraction without borrowing|Fib||93|23,q_sub_03993_b,0,0,0,0,1,0,0,0,0,0,0
Private,Subtraction|2-digit Subtraction without borrowing|Fib||95|42,q_sub_80006_b,0,0,0,0,0,0,0,0,0,0,0
Private,Subtraction|2-digit Subtraction without borrowing|Fib||96|6,q_sub_03992_b,0,0,0,0,1,0,0,0,0,0,0
Private,Subtraction|3-digit Subtraction with borrowing|Fib||100|7,q_sub_0928_b,0,0,0,1,0,0,0,0,0,0,0
Private,Subtraction|3-digit Subtraction with borrowing|Fib||105|78,q_sub_0925_b,0,0,0,0,0,0,0,0,0,0,0
Private,Subtraction|3-digit Subtraction with borrowing|Fib||170|58,q_sub_0922_b,0,0,0,1,0,0,0,0,0,0,0
Private,Subtraction|3-digit Subtraction with borrowing|Fib||180|68,q_sub_04007_b,0,0,0,1,0,0,0,0,0,0,0
Private,Subtraction|3-digit Subtraction with borrowing|Fib||185|78,q_sub_0913_b,0,0,0,0,1,0,0,0,0,0,0
Private,Subtraction|3-digit Subtraction with borrowing|Fib||200|147,q_sub_0919_b,0,0,0,1,1,0,0,0,0,0,0
Private,Subtraction|3-digit Subtraction with borrowing|Fib||300|145,q_sub_0926_b,0,0,0,1,0,0,0,0,0,0,0
Private,Subtraction|3-digit Subtraction with borrowing|Fib||312|64,q_sub_80016_b,0,0,0,1,0,0,0,0,0,0,0
Private,Subtraction|3-digit Subtraction with borrowing|Fib||424|315,q_sub_80017_b,0,0,0,0,1,0,0,0,0,0,0
Private,Subtraction|3-digit Subtraction with borrowing|Fib||472|138,q_sub_0912_b,0,0,0,0,0,0,0,0,0,0,0
Private,Subtraction|3-digit Subtraction with borrowing|Fib||551|9,q_sub_04006_b,0,0,0,0,0,0,0,0,0,0,0
Private,Subtraction|3-digit Subtraction with borrowing|Fib||584|88,q_sub_04009_b,0,0,0,0,0,0,0,0,0,0,0
Private,Subtraction|3-digit Subtraction with borrowing|Fib||601|518,q_sub_04011_b,0,0,0,0,1,0,0,0,0,0,0
Private,Subtraction|3-digit Subtraction with borrowing|Fib||624|183,q_sub_0914_b,0,0,0,0,0,0,0,0,0,0,0
Private,Subtraction|3-digit Subtraction with borrowing|Fib||637|389,q_sub_0923_b,0,0,0,0,0,0,0,0,0,0,0
Private,Subtraction|3-digit Subtraction with borrowing|Fib||703|74,q_sub_04010_b,0,0,0,0,0,0,0,0,0,0,0
Private,Subtraction|3-digit Subtraction with borrowing|Fib||800|7,q_sub_80015_b,0,0,0,1,0,0,0,0,0,0,0
Private,Subtraction|3-digit Subtraction with borrowing|Fib||864|45,q_sub_04008_b,0,0,0,0,0,0,0,0,0,0,0
Private,Subtraction|3-digit Subtraction with borrowing|Fib||872|58,q_sub_04005_b,0,0,0,0,0,0,0,0,0,0,0
Private,Subtraction|3-digit Subtraction with borrowing|Fib||935|167,q_sub_04012_b,0,0,0,0,0,0,0,0,0,0,0
Private,Subtraction|3-digit Subtraction with borrowing|Fib||952|684,q_sub_0920_b,0,0,0,0,0,0,0,0,0,0,0
Private,Subtraction|3-digit Subtraction without borrowing|Fib||234|110,q_sub_0657_b,0,0,1,0,0,0,0,0,0,0,0
Private,Subtraction|3-digit Subtraction without borrowing|Fib||281|181,q_sub_0921_b,0,0,0,0,1,0,0,0,0,0,0
Private,Subtraction|3-digit Subtraction without borrowing|Fib||288|280,q_sub_0659_b,0,0,1,0,1,0,0,0,0,0,0
Private,Subtraction|3-digit Subtraction without borrowing|Fib||322|322,q_sub_0658_b,0,0,0,0,1,0,0,0,0,0,0
Private,Subtraction|3-digit Subtraction without borrowing|Fib||359|102,q_sub_80013_b,0,0,1,0,0,0,0,0,0,0,0
Private,Subtraction|3-digit Subtraction without borrowing|Fib||445|404,q_sub_04003_b,0,0,1,0,1,0,0,0,0,0,0
Private,Subtraction|3-digit Subtraction without borrowing|Fib||457|234,q_sub_80012_b,0,0,0,0,0,0,0,0,0,0,0
Private,Subtraction|3-digit Subtraction without borrowing|Fib||489|123,q_sub_0924_b,0,0,0,0,0,0,0,0,0,0,0
Private,Subtraction|3-digit Subtraction without borrowing|Fib||548|246,q_sub_80014_b,0,0,0,0,1,0,0,0,0,0,0
Private,Subtraction|3-digit Subtraction without borrowing|Fib||560|60,q_sub_0655_b,0,0,0,0,1,0,0,0,0,0,0
Private,Subtraction|3-digit Subtraction without borrowing|Fib||606|2,q_sub_04001_b,0,0,0,0,0,0,0,0,0,0,0
Private,Subtraction|3-digit Subtraction without borrowing|Fib||618|17,q_sub_04002_b,0,0,0,0,1,0,0,0,0,0,0
Private,Subtraction|3-digit Subtraction without borrowing|Fib||677|3,q_sub_0662_b,0,0,0,0,0,0,0,0,0,0,0
Private,Subtraction|3-digit Subtraction without borrowing|Fib||709|709,q_sub_04004_b,0,0,0,0,1,0,0,0,0,0,0
Private,Subtraction|3-digit Subtraction without borrowing|Fib||777|767,q_sub_0660_b,0,0,0,0,1,0,0,0,0,0,0
Private,Subtraction|3-digit Subtraction without borrowing|Fib||874|50,q_sub_0656_b,0,0,1,0,0,0,0,0,0,0,0
Private,Subtraction|3-digit Subtraction without borrowing|Fib||888|5,q_sub_0654_b,0,0,0,0,0,0,0,0,0,0,0
Private,Subtraction|3-digit Subtraction without borrowing|Fib||900|800,q_sub_0927_b,0,0,0,0,0,0,0,0,0,0,0
Private,Subtraction|3-digit Subtraction without borrowing|Fib||922|11,q_sub_0929_b,0,0,0,0,0,0,0,0,0,0,0
Private,Subtraction|3-digit Subtraction without borrowing|Fib||949|929,q_sub_0661_b,0,0,0,0,1,0,0,0,0,0,0
Private,Subtraction|4-digit Subtraction with borrowing|Fib||1008|989,q_sub_1272_b,0,0,0,0,1,0,0,0,0,0,0
Private,Subtraction|4-digit Subtraction with borrowing|Fib||2352|1844,q_sub_04021_b,0,0,0,0,1,0,0,0,0,0,0
Private,Subtraction|4-digit Subtraction with borrowing|Fib||2374|1423,q_sub_1275_b,0,0,0,0,1,0,0,0,0,0,0
Private,Subtraction|4-digit Subtraction with borrowing|Fib||3000|654,q_sub_1277_b,0,0,0,1,0,0,0,0,0,0,0
Private,Subtraction|4-digit Subtraction with borrowing|Fib||3313|713,q_sub_04017_b,0,0,0,0,1,0,0,0,0,0,0
Private,Subtraction|4-digit Subtraction with borrowing|Fib||4001|234,q_sub_1271_b,0,0,0,0,0,0,0,0,0,0,0
Private,Subtraction|4-digit Subtraction with borrowing|Fib||4090|2442,q_sub_04020_b,0,0,0,1,0,0,0,0,0,0,0
Private,Subtraction|4-digit Subtraction with borrowing|Fib||5000|1,q_sub_04022_b,0,0,0,1,0,0,0,0,0,0,0
Private,Subtraction|4-digit Subtraction with borrowing|Fib||6006|97,q_sub_04023_b,0,0,0,0,1,0,0,0,0,0,0
Private,Subtraction|4-digit Subtraction with borrowing|Fib||6205|89,q_sub_1278_b,0,0,0,0,0,0,0,0,0,0,0
Private,Subtraction|4-digit Subtraction with borrowing|Fib||6735|45,q_sub_04016_b,0,0,0,0,1,0,0,0,0,0,0
Private,Subtraction|4-digit Subtraction with borrowing|Fib||7092|27,q_sub_04015_b,0,0,0,0,0,0,0,0,0,0,0
Private,Subtraction|4-digit Subtraction with borrowing|Fib||8000|4342,q_sub_1273_b,0,0,0,1,0,0,0,0,0,0,0
Private,Subtraction|4-digit Subtraction with borrowing|Fib||8102|6,q_sub_04019_b,0,0,0,0,0,0,0,0,0,0,0
Private,Subtraction|4-digit Subtraction with borrowing|Fib||9007|1009,q_sub_1274_b,0,0,0,0,0,0,0,0,0,0,0
Private,Subtraction|4-digit Subtraction with borrowing|Fib||9090|1393,q_sub_1276_b,0,0,0,1,0,0,0,0,0,0,0
Private,Subtraction|4-digit Subtraction with borrowing|Fib||9175|5205,q_sub_04018_b,0,0,1,0,1,0,0,0,0,0,0
Private,Subtraction|4-digit Subtraction with borrowing|Fib||9178|5205,q_sub_80023_b,0,0,1,0,0,0,0,0,0,0,0
Private,Subtraction|4-digit Subtraction with borrowing|Fib||9584|899,q_sub_04024_b,0,0,0,0,0,0,0,0,0,0,0
Private,Subtraction|4-digit Subtraction without borrowing|Fib||3000|3000,q_sub_0969_b,0,0,0,0,1,0,0,0,0,0,0
Private,Subtraction|4-digit Subtraction without borrowing|Fib||3986|2384,q_sub_80022_b,0,0,0,0,1,0,0,0,0,0,0
Private,Subtraction|4-digit Subtraction without borrowing|Fib||4289|2,q_sub_0964_b,0,0,0,0,0,0,0,0,0,0,0
Private,Subtraction|4-digit Subtraction without borrowing|Fib||4786|26,q_sub_80019_b,0,0,0,0,1,0,0,0,0,0,0
Private,Subtraction|4-digit Subtraction without borrowing|Fib||4838|3808,q_sub_0967_b,0,0,1,0,1,0,0,0,0,0,0
Private,Subtraction|4-digit Subtraction without borrowing|Fib||5365|0,q_sub_04013_b,0,0,1,0,0,0,0,0,0,0,0
Private,Subtraction|4-digit Subtraction without borrowing|Fib||5365|3,q_sub_80018_b,0,0,0,0,0,0,0,0,0,0,0
Private,Subtraction|4-digit Subtraction without borrowing|Fib||5365|4,q_sub_06007_b2,0,0,0,0,0,0,0,0,0,0,0
Private,Subtraction|4-digit Subtraction without borrowing|Fib||6735|414,q_sub_06006_b2,0,0,0,0,0,0,0,0,0,0,0
Private,Subtraction|4-digit Subtraction without borrowing|Fib||7092|22,q_sub_06005_b2,0,0,0,0,1,0,0,0,0,0,0
Private,Subtraction|4-digit Subtraction without borrowing|Fib||8476|345,q_sub_80020_b,0,0,0,0,0,0,0,0,0,0,0
Private,Subtraction|4-digit Subtraction without borrowing|Fib||8922|2222,q_sub_0968_b,0,0,0,0,1,0,0,0,0,0,0
Private,Subtraction|4-digit Subtraction without borrowing|Fib||9825|8014,q_sub_80021_b,0,0,1,0,0,0,0,0,0,0,0
Private,Subtraction|4-digit Subtraction without borrowing|Fib||9825|8024,q_sub_04014_b,0,0,1,0,1,0,0,0,0,0,0
Private,Subtraction|4-digit Subtraction without borrowing|Fib||9926|513,q_sub_0965_b,0,0,0,0,0,0,0,0,0,0,0
Private,Subtraction|4-digit Subtraction without borrowing|Fib||9954|8804,q_sub_0966_b,0,0,1,0,1,0,0,0,0,0,0
Private,Subtraction|5-digit Subtraction with borrowing|Fib||10000|9,q_sub_04036_b,0,0,0,1,0,0,0,0,0,0,0
Private,Subtraction|5-digit Subtraction with borrowing|Fib||27194|19900,q_sub_1603_b,0,0,1,0,1,0,0,0,0,0,0
Private,Subtraction|5-digit Subtraction with borrowing|Fib||27763|6183,q_sub_80028_b,0,0,0,0,1,0,0,0,0,0,0
Private,Subtraction|5-digit Subtraction with borrowing|Fib||27766|6183,q_sub_04027_b,0,0,0,0,0,0,0,0,0,0,0
Private,Subtraction|5-digit Subtraction with borrowing|Fib||30030|27338,q_sub_1606_b,0,0,0,1,1,0,0,0,0,0,0
Private,Subtraction|5-digit Subtraction with borrowing|Fib||34078|96,q_sub_1602_b,0,0,0,0,0,0,0,0,0,0,0
Private,Subtraction|5-digit Subtraction with borrowing|Fib||38321|24007,q_sub_04028_b,0,0,1,0,0,0,0,0,0,0,0
Private,Subtraction|5-digit Subtraction with borrowing|Fib||42076|93,q_sub_1604_b,0,0,0,0,0,0,0,0,0,0,0
Private,Subtraction|5-digit Subtraction with borrowing|Fib||45689|29811,q_sub_1590_b,0,0,0,0,0,0,0,0,0,0,0
Private,Subtraction|5-digit Subtraction with borrowing|Fib||49438|9,q_sub_1605_b,0,0,0,0,0,0,0,0,0,0,0
Private,Subtraction|5-digit Subtraction with borrowing|Fib||50008|9,q_sub_1597_b,0,0,0,0,0,0,0,0,0,0,0
Private,Subtraction|5-digit Subtraction with borrowing|Fib||54785|36859,q_sub_04034_b,0,0,0,0,0,0,0,0,0,0,0
Private,Subtraction|5-digit Subtraction with borrowing|Fib||55291|6833,q_sub_04033_b,0,0,0,0,0,0,0,0,0,0,0
Private,Subtraction|5-digit Subtraction with borrowing|Fib||60023|8211,q_sub_1596_b,0,0,0,1,0,0,0,0,0,0,0
Private,Subtraction|5-digit Subtraction with borrowing|Fib||64320|995,q_sub_04032_b,0,0,0,1,0,0,0,0,0,0,0
Private,Subtraction|5-digit Subtraction with borrowing|Fib||65004|2916,q_sub_1592_b,0,0,0,0,1,0,0,0,0,0,0
Private,Subtraction|5-digit Subtraction with borrowing|Fib||65415|37448,q_sub_04035_b,0,0,0,1,0,0,0,0,0,0,0
Private,Subtraction|5-digit Subtraction with borrowing|Fib||65488|91,q_sub_1600_b,0,0,0,0,0,0,0,0,0,0,0
Private,Subtraction|5-digit Subtraction with borrowing|Fib||71016|50,q_sub_04029_b,0,0,1,0,0,0,0,0,0,0,0
Private,Subtraction|5-digit Subtraction with borrowing|Fib||80000|78999,q_sub_1591_b,0,0,0,1,1,0,0,0,0,0,0
Private,Subtraction|5-digit Subtraction with borrowing|Fib||82336|23292,q_sub_04031_b,0,0,0,0,1,0,0,0,0,0,0
Private,Subtraction|5-digit Subtraction with borrowing|Fib||82336|23296,q_sub_80029_b,0,0,0,0,1,0,0,0,0,0,0
Private,Subtraction|5-digit Subtraction with borrowing|Fib||85680|937,q_sub_04030_b,0,0,0,1,0,0,0,0,0,0,0
Private,Subtraction|5-digit Subtraction with borrowing|Fib||90008|38344,q_sub_1607_b,0,0,0,1,0,0,0,0,0,0,0
Private,Subtraction|5-digit Subtraction with borrowing|Fib||90104|3282,q_sub_1589_b,0,0,0,1,0,0,0,0,0,0,0
Private,Subtraction|5-digit Subtraction with borrowing|Fib||96105|7,q_sub_1595_b,0,0,0,0,0,0,0,0,0,0,0
Private,Subtraction|5-digit Subtraction without borrowing|Fib||13478|70,q_sub_1305_b,0,0,1,0,1,0,0,0,0,0,0
Private,Subtraction|5-digit Subtraction without borrowing|Fib||23789|12709,q_sub_1593_b,0,0,1,0,1,0,0,0,0,0,0
Private,Subtraction|5-digit Subtraction without borrowing|Fib||27766|21613,q_sub_06009_b2,0,0,0,0,1,0,0,0,0,0,0
Private,Subtraction|5-digit Subtraction without borrowing|Fib||35782|23451,q_sub_80027_b,0,0,0,0,0,0,0,0,0,0,0
Private,Subtraction|5-digit Subtraction without borrowing|Fib||47779|4326,q_sub_04026_b,0,0,0,0,0,0,0,0,0,0,0
Private,Subtraction|5-digit Subtraction without borrowing|Fib||48330|38300,q_sub_1310_b,0,0,1,0,1,0,0,0,0,0,0
Private,Subtraction|5-digit Subtraction without borrowing|Fib||48762|34612,q_sub_80026_b,0,0,0,0,1,0,0,0,0,0,0
Private,Subtraction|5-digit Subtraction without borrowing|Fib||56316|106,q_sub_04025_b,0,0,1,0,1,0,0,0,0,0,0
Private,Subtraction|5-digit Subtraction without borrowing|Fib||56318|106,q_sub_80025_b,0,0,1,0,0,0,0,0,0,0,0
Private,Subtraction|5-digit Subtraction without borrowing|Fib||59763|53,q_sub_80024_b,0,0,0,0,1,0,0,0,0,0,0
Private,Subtraction|5-digit Subtraction without borrowing|Fib||65328|3216,q_sub_1599_b,0,0,0,0,0,0,0,0,0,0,0
Private,Subtraction|5-digit Subtraction without borrowing|Fib||71061|50,q_sub_06008_b2,0,0,1,0,0,0,0,0,0,0,0
Private,Subtraction|5-digit Subtraction without borrowing|Fib||74369|13224,q_sub_1308_b,0,0,0,0,0,0,0,0,0,0,0
Private,Subtraction|5-digit Subtraction without borrowing|Fib||78563|4232,q_sub_1307_b,0,0,0,0,0,0,0,0,0,0,0
Private,Subtraction|5-digit Subtraction without borrowing|Fib||79584|79584,q_sub_1608_b,0,0,0,0,1,0,0,0,0,0,0
Private,Subtraction|5-digit Subtraction without borrowing|Fib||83167|115,q_sub_1306_b,0,0,0,0,1,0,0,0,0,0,0
Private,Subtraction|5-digit Subtraction without borrowing|Fib||83383|83383,q_sub_1598_b,0,0,0,0,1,0,0,0,0,0,0
Private,Subtraction|5-digit Subtraction without borrowing|Fib||85679|9,q_sub_1304_b,0,0,0,0,1,0,0,0,0,0,0
Private,Subtraction|5-digit Subtraction without borrowing|Fib||94438|13231,q_sub_1594_b,0,0,0,0,1,0,0,0,0,0,0
Private,Subtraction|5-digit Subtraction without borrowing|Fib||94584|83484,q_sub_1309_b,0,0,0,0,1,0,0,0,0,0,0
Telangana,Addition|1D+1D sum upto 20|Fib||3|8,q_add_00122_b,0,0,0,0,0,0,0,0,0,0,0
Telangana,Addition|1D+1D sum upto 20|Fib||3|9,q_add_04197_b,0,0,0,0,0,0,0,0,0,0,0
Telangana,Addition|1D+1D sum upto 20|Fib||4|7,q_add_04193_b,0,0,0,0,0,0,0,0,0,0,0
Telangana,Addition|1D+1D sum upto 20|Fib||6|6,q_add_00124_b,0,1,0,0,0,0,0,0,0,0,0
Telangana,Addition|1D+1D sum upto 20|Fib||6|8,q_add_04198_b,0,0,0,0,0,0,0,0,0,0,0
Telangana,Addition|1D+1D sum upto 20|Fib||7|7,q_add_00126_b,0,1,0,0,0,0,0,0,0,0,0
Telangana,Addition|1D+1D sum upto 20|Fib||7|9,q_add_04194_b,0,0,0,0,0,0,0,0,0,0,0
Telangana,Addition|1D+1D sum upto 20|Fib||8|5,q_add_04195_b,0,0,0,0,0,0,0,0,0,0,0
Telangana,Addition|1D+1D sum upto 20|Fib||8|6,q_add_00123_b,0,0,0,0,0,0,0,0,0,0,0
Telangana,Addition|1D+1D sum upto 20|Fib||9|3,q_add_00125_b,0,0,0,0,0,0,0,0,0,0,0
Telangana,Addition|1D+1D sum upto 20|Fib||9|9,q_add_00121_b,0,1,0,0,0,0,0,0,0,0,0
Telangana,Addition|1D+1D sum upto 9|Fib||0|6,q_add_04192_b,1,0,0,0,0,0,0,0,0,0,0
Telangana,Addition|1D+1D sum upto 9|Fib||0|8,q_add_00077_b,1,0,0,0,0,0,0,0,0,0,0
Telangana,Addition|1D+1D sum upto 9|Fib||1|4,q_add_04191_b,0,0,0,0,0,0,0,0,0,0,0
Telangana,Addition|1D+1D sum upto 9|Fib||2|5,q_add_00080_b,0,0,0,0,0,0,0,0,0,0,0
Telangana,Addition|1D+1D sum upto 9|Fib||2|7,q_add_04188_b,0,0,0,0,0,0,0,0,0,0,0
Telangana,Addition|1D+1D sum upto 9|Fib||3|4,q_add_00076_b,0,0,0,0,0,0,0,0,0,0,0
Telangana,Addition|1D+1D sum upto 9|Fib||4|0,q_add_04190_b,1,0,0,0,0,0,0,0,0,0,0
Telangana,Addition|1D+1D sum upto 9|Fib||5|2,q_add_00078_b,0,0,0,0,0,0,0,0,0,0,0
Telangana,Addition|1D+1D sum upto 9|Fib||5|3,q_add_04189_b,0,0,0,0,0,0,0,0,0,0,0
Telangana,Addition|1D+1D sum upto 9|Fib||6|3,q_add_00081_b,0,0,0,0,0,0,0,0,0,0,0
Telangana,Addition|1D+1D sum upto 9|Fib||7|0,q_add_00079_b,1,0,0,0,0,0,0,0,0,0,0
Telangana,Addition|2-digit Addition with carry|Fib||17|69,q_add_80018_b,0,0,0,0,0,0,0,0,0,0,0
Telangana,Addition|2-digit Addition with carry|Fib||27|55,q_add_04209_b,0,0,0,0,0,0,0,0,0,0,0
Telangana,Addition|2-digit Addition with carry|Fib||28|38,q_add_80017_b,0,1,0,0,0,0,0,0,0,0,0
Telangana,Addition|2-digit Addition with carry|Fib||29|28,q_add_00614_b,0,1,0,0,0,0,0,0,0,0,0
Telangana,Addition|2-digit Addition with carry|Fib||35|27,q_add_00612_b,0,0,0,0,0,0,0,0,0,0,0
Telangana,Addition|2-digit Addition with carry|Fib||3|69,q_add_80019_b,0,0,0,0,0,0,0,0,0,0,0
Telangana,Addition|2-digit Addition with carry|Fib||43|28,q_add_00616_b,0,0,0,0,0,0,0,0,0,0,0
Telangana,Addition|2-digit Addition with carry|Fib||49|25,q_add_80016_b,0,0,0,0,0,0,0,0,0,0,0
Telangana,Addition|2-digit Addition with carry|Fib||64|18,q_add_04206_b,0,0,0,0,0,0,0,0,0,0,0
Telangana,Addition|2-digit Addition with carry|Fib||73|9,q_add_06010_b2,0,0,0,0,0,0,0,0,0,0,0
Telangana,Addition|2-digit Addition with carry|Fib||9|57,q_add_80020_b,0,0,0,0,0,0,0,0,0,0,0
Telangana,Addition|2-digit Addition without carry|Fib||11|44,q_add_04211_b,0,0,0,0,0,0,0,0,0,0,0
Telangana,Addition|2-digit Addition without carry|Fib||12|36,q_add_00611_b,0,0,0,0,0,0,0,0,0,0,0
Telangana,Addition|2-digit Addition without carry|Fib||14|2,q_add_04200_b,0,0,0,0,0,0,0,0,0,0,0
Telangana,Addition|2-digit Addition without carry|Fib||26|52,q_add_00497_b,0,0,0,0,0,0,0,0,0,0,0
Telangana,Addition|2-digit Addition without carry|Fib||2|52,q_add_00492_b,0,1,0,0,0,0,0,0,0,0,0
Telangana,Addition|2-digit Addition without carry|Fib||30|31,q_add_04208_b,1,1,0,0,0,0,0,0,0,0,0
Telangana,Addition|2-digit Addition without carry|Fib||30|50,q_add_04205_b,0,0,0,0,0,0,0,0,0,0,0
Telangana,Addition|2-digit Addition without carry|Fib||30|59,q_add_80013_b,1,0,0,0,0,0,0,0,0,0,0
Telangana,Addition|2-digit Addition without carry|Fib||35|21,q_add_00610_b,0,0,0,0,0,0,0,0,0,0,0
Telangana,Addition|2-digit Addition without carry|Fib||39|0,q_add_04202_b,1,0,0,0,0,0,0,0,0,0,0
Telangana,Addition|2-digit Addition without carry|Fib||3|26,q_add_00490_b,0,0,0,0,0,0,0,0,0,0,0
Telangana,Addition|2-digit Addition without carry|Fib||3|60,q_add_04201_b,1,0,0,0,0,0,0,0,0,0,0
Telangana,Addition|2-digit Addition without carry|Fib||45|3,q_add_00495_b,0,0,0,0,0,0,0,0,0,0,0
Telangana,Addition|2-digit Addition without carry|Fib||4|30,q_add_00489_b,1,0,0,0,0,0,0,0,0,0,0
Telangana,Addition|2-digit Addition without carry|Fib||5|71,q_add_00493_b,0,0,0,0,0,0,0,0,0,0,0
Telangana,Addition|2-digit Addition without carry|Fib||61|6,q_add_00494_b,0,0,0,0,0,0,0,0,0,0,0
Telangana,Addition|2-digit Addition without carry|Fib||64|34,q_add_04210_b,0,1,0,0,0,0,0,0,0,0,0
Telangana,Addition|2-digit Addition without carry|Fib||64|35,q_add_80014_b,0,0,0,0,0,0,0,0,0,0,0
Telangana,Addition|2-digit Addition without carry|Fib||67|21,q_add_00496_b,0,0,0,0,0,0,0,0,0,0,0
Telangana,Addition|2-digit Addition without carry|Fib||6|42,q_add_00491_b,0,0,0,0,0,0,0,0,0,0,0
Telangana,Addition|2-digit Addition without carry|Fib||72|25,q_add_80015_b,0,0,0,0,0,0,0,0,0,0,0
Telangana,Addition|2-digit Addition without carry|Fib||73|0,q_add_04203_b,1,0,0,0,0,0,0,0,0,0,0
Telangana,Addition|2D+1D sum up to 20|Fib||11|2,q_add_80003_b,0,0,0,0,0,0,0,0,0,0,0
Telangana,Addition|2D+1D sum up to 20|Fib||12|3,q_add_80004_b,0,0,0,0,0,0,0,0,0,0,0
Telangana,Addition|2D+1D sum up to 20|Fib||13|4,q_add_80005_b,0,0,0,0,0,0,0,0,0,0,0
Telangana,Addition|2D+1D sum up to 20|Fib||14|5,q_add_80006_b,0,0,0,0,0,0,0,0,0,0,0
Telangana,Addition|2D+1D sum up to 20|Fib||15|4,q_add_80007_b,0,0,0,0,0,0,0,0,0,0,0
Telangana,Addition|2D+1D sum up to 20|Fib||1|18,q_add_80010_b,0,0,0,0,0,0,0,0,0,0,0
Telangana,Addition|2D+1D sum up to 20|Fib||2|17,q_add_80009_b,0,0,0,0,0,0,0,0,0,0,0
Telangana,Addition|2D+1D sum up to 20|Fib||3|16,q_add_80008_b,0,0,0,0,0,0,0,0,0,0,0
Telangana,Addition|2D+1D sum up to 20|Fib||6|13,q_add_80011_b,0,0,0,0,0,0,0,0,0,0,0
Telangana,Addition|2D+1D sum up to 20|Fib||8|12,q_add_80012_b,0,0,0,0,0,0,0,0,0,0,0
Telangana,Addition|3-digit Addition with carry|Fib||164|76,q_add_04218_b,0,0,0,0,0,0,0,0,0,0,0
Telangana,Addition|3-digit Addition with carry|Fib||289|578,q_add_80027_b,0,0,0,0,0,0,0,0,0,0,0
Telangana,Addition|3-digit Addition with carry|Fib||458|60,q_add_00865_b,1,0,0,0,0,0,0,0,0,0,0
Telangana,Addition|3-digit Addition with carry|Fib||468|58,q_add_80031_b,0,1,0,0,0,0,0,0,0,0,0
Telangana,Addition|3-digit Addition with carry|Fib||48|77,q_add_00863_b,0,0,0,0,0,0,0,0,0,0,0
Telangana,Addition|3-digit Addition with carry|Fib||528|259,q_add_80029_b,0,0,0,0,0,0,0,0,0,0,0
Telangana,Addition|3-digit Addition with carry|Fib||548|7,q_add_00868_b,0,0,0,0,0,0,0,0,0,0,0
Telangana,Addition|3-digit Addition with carry|Fib||58|60,q_add_00867_b,1,0,0,0,0,0,0,0,0,0,0
Telangana,Addition|3-digit Addition with carry|Fib||689|213,q_add_80030_b,0,0,0,0,0,0,0,0,0,0,0
Telangana,Addition|3-digit Addition with carry|Fib||6|187,q_add_04214_b,0,0,0,0,0,0,0,0,0,0,0
Telangana,Addition|3-digit Addition with carry|Fib||725|109,q_add_04220_b,1,0,0,0,0,0,0,0,0,0,0
Telangana,Addition|3-digit Addition with carry|Fib||729|119,q_add_80028_b,0,1,0,0,0,0,0,0,0,0,0
Telangana,Addition|3-digit Addition with carry|Fib||745|245,q_add_00864_b,0,1,0,0,0,0,0,0,0,0,0
Telangana,Addition|3-digit Addition with carry|Fib||812|39,q_add_04217_b,0,0,0,0,0,0,0,0,0,0,0
Telangana,Addition|3-digit Addition with carry|Fib||89|78,q_add_04213_b,0,0,0,0,0,0,0,0,0,0,0
Telangana,Addition|3-digit Addition with carry|Fib||89|826,q_add_04219_b,0,0,0,0,0,0,0,0,0,0,0
Telangana,Addition|3-digit Addition with carry|Fib||94|9,q_add_00866_b,0,0,0,0,0,0,0,0,0,0,0
Telangana,Addition|3-digit Addition with carry|Fib||9|199,q_add_80032_b,0,1,0,0,0,0,0,0,0,0,0
Telangana,Addition|3-digit Addition with carry|Fib||9|99,q_add_04215_b,0,1,0,0,0,0,0,0,0,0,0
Telangana,Addition|3-digit Addition without carry|Fib||189|10,q_add_00788_b,1,0,0,0,0,0,0,0,0,0,0
Telangana,Addition|3-digit Addition without carry|Fib||201|292,q_add_04223_b,1,1,0,0,0,0,0,0,0,0,0
Telangana,Addition|3-digit Addition without carry|Fib||21|328,q_add_04216_b,0,1,0,0,0,0,0,0,0,0,0
Telangana,Addition|3-digit Addition without carry|Fib||21|348,q_add_80026_b,0,0,0,0,0,0,0,0,0,0,0
Telangana,Addition|3-digit Addition without carry|Fib||231|407,q_add_80025_b,1,0,0,0,0,0,0,0,0,0,0
Telangana,Addition|3-digit Addition without carry|Fib||300|500,q_add_04221_b,0,0,0,0,0,0,0,0,0,0,0
Telangana,Addition|3-digit Addition without carry|Fib||415|550,q_add_04222_b,1,0,0,0,0,0,0,0,0,0,0
Telangana,Addition|3-digit Addition without carry|Fib||415|553,q_add_80024_b,0,0,0,0,0,0,0,0,0,0,0
Telangana,Addition|3-digit Addition without carry|Fib||732|230,q_add_00786_b,1,1,0,0,0,0,0,0,0,0,0
Telangana,Addition|3-digit Addition without carry|Fib||7|602,q_add_00787_b,0,0,0,0,0,0,0,0,0,0,0
Telangana,Addition|3-digit Addition without carry|Fib||900|9,q_add_04212_b,1,0,0,0,0,0,0,0,0,0,0
Telangana,Addition|4-digit Addition with carry|Fib||1462|7929,q_add_06005_b2,0,0,0,0,0,0,0,0,0,0,0
Telangana,Addition|4-digit Addition with carry|Fib||1462|7939,q_add_80037_b,0,0,0,0,0,0,0,0,0,0,0
Telangana,Addition|4-digit Addition with carry|Fib||1543|490,q_add_01210_b,1,0,0,0,0,0,0,0,0,0,0
Telangana,Addition|4-digit Addition with carry|Fib||29|1509,q_add_01209_b,1,1,0,0,0,0,0,0,0,0,0
Telangana,Addition|4-digit Addition with carry|Fib||3549|4929,q_add_80036_b,0,1,0,0,0,0,0,0,0,0,0
Telangana,Addition|4-digit Addition with carry|Fib||3581|4909,q_add_04235_b,1,0,0,0,0,0,0,0,0,0,0
Telangana,Addition|4-digit Addition with carry|Fib||4568|794,q_add_80039_b,0,0,0,0,0,0,0,0,0,0,0
Telangana,Addition|4-digit Addition with carry|Fib||546|8732,q_add_80041_b,0,0,0,0,0,0,0,0,0,0,0
Telangana,Addition|4-digit Addition with carry|Fib||546|8736,q_add_04231_b,0,1,0,0,0,0,0,0,0,0,0
Telangana,Addition|4-digit Addition with carry|Fib||5738|2727,q_add_04232_b,0,1,0,0,0,0,0,0,0,0,0
Telangana,Addition|4-digit Addition with carry|Fib||5|3475,q_add_06004_b2,0,1,0,0,0,0,0,0,0,0,0
Telangana,Addition|4-digit Addition with carry|Fib||5|3495,q_add_04225_b,0,1,0,0,0,0,0,0,0,0,0
Telangana,Addition|4-digit Addition with carry|Fib||62|8887,q_add_04227_b,0,0,0,0,0,0,0,0,0,0,0
Telangana,Addition|4-digit Addition with carry|Fib||6634|2576,q_add_04233_b,0,0,0,0,0,0,0,0,0,0,0
Telangana,Addition|4-digit Addition with carry|Fib||6941|390,q_add_04230_b,1,0,0,0,0,0,0,0,0,0,0
Telangana,Addition|4-digit Addition with carry|Fib||6954|324,q_add_80040_b,0,1,0,0,0,0,0,0,0,0,0
Telangana,Addition|4-digit Addition with carry|Fib||7658|22,q_add_01207_b,0,0,0,0,0,0,0,0,0,0,0
Telangana,Addition|4-digit Addition with carry|Fib||7713|17,q_add_04226_b,0,1,0,0,0,0,0,0,0,0,0
Telangana,Addition|4-digit Addition with carry|Fib||7713|47,q_add_80038_b,0,0,0,0,0,0,0,0,0,0,0
Telangana,Addition|4-digit Addition with carry|Fib||7|1394,q_add_01208_b,0,0,0,0,0,0,0,0,0,0,0
Telangana,Addition|4-digit Addition with carry|Fib||7|3495,q_add_80042_b,0,0,0,0,0,0,0,0,0,0,0
Telangana,Addition|4-digit Addition with carry|Fib||998|88,q_add_04224_b,0,1,0,0,0,0,0,0,0,0,0
Telangana,Addition|4-digit Addition without carry|Fib||1000|7000,q_add_01030_b,0,0,0,0,0,0,0,0,0,0,0
Telangana,Addition|4-digit Addition without carry|Fib||1260|2,q_add_01026_b,1,0,0,0,0,0,0,0,0,0,0
Telangana,Addition|4-digit Addition without carry|Fib||1543|2043,q_add_01206_b,1,1,0,0,0,0,0,0,0,0,0
Telangana,Addition|4-digit Addition without carry|Fib||2075|220,q_add_01205_b,1,0,0,0,0,0,0,0,0,0,0
Telangana,Addition|4-digit Addition without carry|Fib||22|3577,q_add_01032_b,0,0,0,0,0,0,0,0,0,0,0
Telangana,Addition|4-digit Addition without carry|Fib||281|4406,q_add_06003_b2,1,0,0,0,0,0,0,0,0,0,0
Telangana,Addition|4-digit Addition without carry|Fib||281|4416,q_add_80035_b,0,0,0,0,0,0,0,0,0,0,0
Telangana,Addition|4-digit Addition without carry|Fib||401|1503,q_add_04229_b,0,0,0,0,0,0,0,0,0,0,0
Telangana,Addition|4-digit Addition without carry|Fib||41|1503,q_add_06002_b2,1,0,0,0,0,0,0,0,0,0,0
Telangana,Addition|4-digit Addition without carry|Fib||41|1653,q_add_80034_b,0,0,0,0,0,0,0,0,0,0,0
Telangana,Addition|4-digit Addition without carry|Fib||4226|521,q_add_01029_b,0,1,0,0,0,0,0,0,0,0,0
Telangana,Addition|4-digit Addition without carry|Fib||5013|4,q_add_06001_b2,0,0,0,0,0,0,0,0,0,0,0
Telangana,Addition|4-digit Addition without carry|Fib||5013|814,q_add_04228_b,1,1,0,0,0,0,0,0,0,0,0
Telangana,Addition|4-digit Addition without carry|Fib||5091|905,q_add_01031_b,1,0,0,0,0,0,0,0,0,0,0
Telangana,Addition|4-digit Addition without carry|Fib||5227|3361,q_add_01028_b,0,0,0,0,0,0,0,0,0,0,0
Telangana,Addition|4-digit Addition without carry|Fib||5283|704,q_add_80033_b,1,0,0,0,0,0,0,0,0,0,0
Telangana,Addition|4-digit Addition without carry|Fib||5443|1004,q_add_01025_b,1,0,0,0,0,0,0,0,0,0,0
Telangana,Addition|4-digit Addition without carry|Fib||6000|3350,q_add_04234_b,1,0,0,0,0,0,0,0,0,0,0
Telangana,Addition|4-digit Addition without carry|Fib||6|3053,q_add_01033_b,0,0,0,0,0,0,0,0,0,0,0
Telangana,Addition|4-digit Addition without carry|Fib||8102|37,q_add_01027_b,1,0,0,0,0,0,0,0,0,0,0
Telangana,Addition|5-digit Addition with carry|Fib||13544|504,q_add_04241_b,1,1,0,0,0,0,0,0,0,0,0
Telangana,Addition|5-digit Addition with carry|Fib||13544|923,q_add_80049_b,0,0,0,0,0,0,0,0,0,0,0
Telangana,Addition|5-digit Addition with carry|Fib||13|78987,q_add_04240_b,0,0,0,0,0,0,0,0,0,0,0
Telangana,Addition|5-digit Addition with carry|Fib||16464|75897,q_add_04247_b,0,0,0,0,0,0,0,0,0,0,0
Telangana,Addition|5-digit Addition with carry|Fib||19|78987,q_add_06009_b2,0,0,0,0,0,0,0,0,0,0,0
Telangana,Addition|5-digit Addition with carry|Fib||356|51237,q_add_01477_b,0,0,0,0,0,0,0,0,0,0,0
Telangana,Addition|5-digit Addition with carry|Fib||3600|23500,q_add_01472_b,0,1,0,0,0,0,0,0,0,0,0
Telangana,Addition|5-digit Addition with carry|Fib||399|20222,q_add_01473_b,0,0,0,0,0,0,0,0,0,0,0
Telangana,Addition|5-digit Addition with carry|Fib||600|12600,q_add_01478_b,0,1,0,0,0,0,0,0,0,0,0
Telangana,Addition|5-digit Addition with carry|Fib||6275|20008,q_add_04242_b,1,0,0,0,0,0,0,0,0,0,0
Telangana,Addition|5-digit Addition with carry|Fib||6275|23218,q_add_80050_b,0,1,0,0,0,0,0,0,0,0,0
Telangana,Addition|5-digit Addition with carry|Fib||67435|21326,q_add_01471_b,0,0,0,0,0,0,0,0,0,0,0
Telangana,Addition|5-digit Addition with carry|Fib||67567|13712,q_add_01474_b,0,0,0,0,0,0,0,0,0,0,0
Telangana,Addition|5-digit Addition with carry|Fib||68020|28281,q_add_04246_b,1,1,0,0,0,0,0,0,0,0,0
Telangana,Addition|5-digit Addition with carry|Fib||68324|27284,q_add_80048_b,0,1,0,0,0,0,0,0,0,0,0
Telangana,Addition|5-digit Addition with carry|Fib||69402|11901,q_add_04245_b,0,0,0,0,0,0,0,0,0,0,0
Telangana,Addition|5-digit Addition with carry|Fib||69472|11954,q_add_80047_b,0,0,0,0,0,0,0,0,0,0,0
Telangana,Addition|5-digit Addition with carry|Fib||7093|6471,q_add_06008_b2,1,0,0,0,0,0,0,0,0,0,0
Telangana,Addition|5-digit Addition with carry|Fib||7093|69711,q_add_04243_b,1,0,0,0,0,0,0,0,0,0,0
Telangana,Addition|5-digit Addition with carry|Fib||7193|69614,q_add_80051_b,0,0,0,0,0,0,0,0,0,0,0
Telangana,Addition|5-digit Addition with carry|Fib||79283|2333,q_add_04244_b,0,1,0,0,0,0,0,0,0,0,0
Telangana,Addition|5-digit Addition with carry|Fib||89654|620,q_add_01470_b,1,1,0,0,0,0,0,0,0,0,0
Telangana,Addition|5-digit Addition with carry|Fib||89999|1,q_add_04238_b,0,0,0,0,0,0,0,0,0,0,0
Telangana,Addition|5-digit Addition with carry|Fib||8|24563,q_add_04237_b,0,0,0,0,0,0,0,0,0,0,0
Telangana,Addition|5-digit Addition with carry|Fib||8|41293,q_add_01475_b,0,0,0,0,0,0,0,0,0,0,0
Telangana,Addition|5-digit Addition without carry|Fib||1028|24561,q_add_06006_b2,1,0,0,0,0,0,0,0,0,0,0
Telangana,Addition|5-digit Addition without carry|Fib||1328|24561,q_add_80046_b,0,0,0,0,0,0,0,0,0,0,0
Telangana,Addition|5-digit Addition without carry|Fib||18631|1021,q_add_01279_b,1,1,0,0,0,0,0,0,0,0,0
Telangana,Addition|5-digit Addition without carry|Fib||30790|30107,q_add_01282_b,1,1,0,0,0,0,0,0,0,0,0
Telangana,Addition|5-digit Addition without carry|Fib||43562|4,q_add_04236_b,0,0,0,0,0,0,0,0,0,0,0
Telangana,Addition|5-digit Addition without carry|Fib||44514|13,q_add_01278_b,0,1,0,0,0,0,0,0,0,0,0
Telangana,Addition|5-digit Addition without carry|Fib||51404|2573,q_add_01281_b,1,0,0,0,0,0,0,0,0,0,0
Telangana,Addition|5-digit Addition without carry|Fib||52314|50,q_add_80044_b,1,0,0,0,0,0,0,0,0,0,0
Telangana,Addition|5-digit Addition without carry|Fib||52314|54,q_add_04239_b,0,1,0,0,0,0,0,0,0,0,0
Telangana,Addition|5-digit Addition without carry|Fib||525|53231,q_add_01280_b,0,0,0,0,0,0,0,0,0,0,0
Telangana,Addition|5-digit Addition without carry|Fib||56472|42326,q_add_80043_b,0,0,0,0,0,0,0,0,0,0,0
Telangana,Addition|5-digit Addition without carry|Fib||6|85540,q_add_01277_b,1,0,0,0,0,0,0,0,0,0,0
Telangana,Addition|5-digit Addition without carry|Fib||76543|12356,q_add_01476_b,0,0,0,0,0,0,0,0,0,0,0
Telangana,Addition|5-digit Addition without carry|Fib||89078|120,q_add_06007_b2,1,0,0,0,0,0,0,0,0,0,0
Telangana,Addition|5-digit Addition without carry|Fib||89078|621,q_add_80045_b,1,0,0,0,0,0,0,0,0,0,0
Telangana,Division|1D/2D by 1D without remainder|Fib||36|3|False,q_div_00611_b,0,0,0,0,0,0,0,0,0,0,0
Telangana,Division|1D/2D by 1D without remainder|Fib||40|2|False,q_div_02235_b,0,0,0,0,0,0,0,1,0,0,0
Telangana,Division|1D/2D by 1D without remainder|Fib||48|4|False,q_div_80003_b,0,0,0,0,0,0,0,0,0,0,0
Telangana,Division|1D/2D by 1D without remainder|Fib||50|5|False,q_div_02236_b,0,0,0,0,0,0,0,1,0,0,0
Telangana,Division|1D/2D by 1D without remainder|Fib||60|5|False,q_div_00612_b,0,0,0,0,0,0,0,1,0,0,0
Telangana,Division|1D/2D by 1D without remainder|Fib||64|4|False,q_div_80007_b,0,0,0,0,0,0,0,0,0,0,0
Telangana,Division|1D/2D by 1D without remainder|Fib||70|5|False,q_div_02245_b,0,0,0,0,0,0,0,1,0,0,0
Telangana,Division|1D/2D by 1D without remainder|Fib||72|6|False,q_div_80006_b,0,0,0,0,0,0,0,0,0,0,0
Telangana,Division|1D/2D by 1D without remainder|Fib||75|3|False,q_div_00528_b,0,0,0,0,0,0,0,0,0,0,0
Telangana,Division|1D/2D by 1D without remainder|Fib||77|7|False,q_div_02230_b,0,0,0,0,0,0,0,0,0,0,0
Telangana,Division|1D/2D by 1D without remainder|Fib||78|3|False,q_div_02242_b,0,0,0,0,0,0,0,0,0,0,0
Telangana,Division|1D/2D by 1D without remainder|Fib||80|2|False,q_div_02231_b,0,0,0,0,0,0,0,1,0,0,0
Telangana,Division|1D/2D by 1D without remainder|Fib||80|4|False,q_div_00468_b,0,0,0,0,0,0,0,1,0,0,0
Telangana,Division|1D/2D by 1D without remainder|Fib||84|7|False,q_div_02246_b,0,0,0,0,0,0,0,0,0,0,0
Telangana,Division|1D/2D by 1D without remainder|Fib||90|6|False,q_div_80005_b,0,0,0,0,0,0,0,1,0,0,0
Telangana,Division|1D/2D by 1D without remainder|Fib||90|9|False,q_div_02243_b,0,0,0,0,0,0,0,1,0,0,0
Telangana,Division|1D/2D by 1D without remainder|Fib||92|4|False,q_div_02244_b,0,0,0,0,0,0,0,0,0,0,0
Telangana,Division|1D/2D by 1D without remainder|Fib||96|3|False,q_div_02237_b,0,0,0,0,0,0,0,0,0,0,0
Telangana,Division|1D/2D by 1D without remainder|Fib||96|8|False,q_div_80008_b,0,0,0,0,0,0,0,0,0,0,0
Telangana,Division|1D/2D/3D by 1D with remainder|Fib||289|7|True,q_div_02396_b,0,0,0,0,0,0,0,0,0,0,0
Telangana,Division|1D/2D/3D by 1D with remainder|Fib||301|3|True,q_div_02394_b,0,0,0,0,0,0,0,0,1,0,0
Telangana,Division|1D/2D/3D by 1D with remainder|Fib||313|6|True,q_div_02475_b,0,0,0,0,0,0,0,0,0,0,0
Telangana,Division|1D/2D/3D by 1D with remainder|Fib||321|2|True,q_div_01285_b,0,0,0,0,0,0,0,0,0,1,0
Telangana,Division|1D/2D/3D by 1D with remainder|Fib||329|2|True,q_div_80013_b,0,0,0,0,0,0,0,0,0,0,0
Telangana,Division|1D/2D/3D by 1D with remainder|Fib||400|3|True,q_div_01281_b,0,0,0,0,0,0,0,1,1,0,0
Telangana,Division|1D/2D/3D by 1D with remainder|Fib||41|4|True,q_div_01276_b,0,0,0,0,0,0,0,0,0,1,0
Telangana,Division|1D/2D/3D by 1D with remainder|Fib||438|5|True,q_div_02399_b,0,0,0,0,0,0,0,0,0,0,0
Telangana,Division|1D/2D/3D by 1D with remainder|Fib||45|2|True,q_div_02472_b,0,0,0,0,0,0,0,0,0,0,0
Telangana,Division|1D/2D/3D by 1D with remainder|Fib||567|5|True,q_div_02395_b,0,0,0,0,0,0,0,0,0,0,0
Telangana,Division|1D/2D/3D by 1D with remainder|Fib||60|9|True,q_div_01277_b,0,0,0,0,0,0,0,1,0,0,0
Telangana,Division|1D/2D/3D by 1D with remainder|Fib||700|6|True,q_div_02398_b,0,0,0,0,0,0,0,1,1,0,0
Telangana,Division|1D/2D/3D by 1D with remainder|Fib||80|7|True,q_div_01278_b,0,0,0,0,0,0,0,1,0,0,0
Telangana,Division|1D/2D/3D by 1D with remainder|Fib||849|2|True,q_div_02474_b,0,0,0,0,0,0,0,0,0,0,0
Telangana,Division|1D/2D/3D by 1D with remainder|Fib||888|9|True,q_div_02476_b,0,0,0,0,0,0,0,0,0,0,0
Telangana,Division|1D/2D/3D by 1D with remainder|Fib||89|7|True,q_div_80012_b,0,0,0,0,0,0,0,0,0,0,0
Telangana,Division|1D/2D/3D by 1D with remainder|Fib||8|3|True,q_div_00948_b,0,0,0,0,0,0,0,0,0,0,0
Telangana,Division|1D/2D/3D by 1D with remainder|Fib||915|4|True,q_div_02397_b,0,0,0,0,0,0,0,0,0,0,0
Telangana,Division|1D/2D/3D by 1D with remainder|Fib||91|7|True,q_div_00571_b,0,0,0,0,0,0,0,0,0,0,0
Telangana,Division|1D/2D/3D by 1D with remainder|Fib||95|9|True,q_div_02483_b,0,0,0,0,0,0,0,0,0,1,0
Telangana,Division|1D/2D/3D by 1D with remainder|Fib||98|3|True,q_div_02473_b,0,0,0,0,0,0,0,0,0,0,0
Telangana,Division|2D/3D/4D/5D by 2D with and without remainder|Fib||10000|12|True,q_div_06006_b2,0,0,0,0,0,0,0,1,1,0,0
Telangana,Division|2D/3D/4D/5D by 2D with and without remainder|Fib||1000|13|True,q_div_01770_b,0,0,0,0,0,0,0,1,1,0,0
Telangana,Division|2D/3D/4D/5D by 2D with and without remainder|Fib||1149|14|True,q_div_80030_b,0,0,0,0,0,0,0,0,0,0,0
Telangana,Division|2D/3D/4D/5D by 2D with and without remainder|Fib||120|13|True,q_div_02639_b,0,0,0,0,0,0,0,1,0,0,0
Telangana,Division|2D/3D/4D/5D by 2D with and without remainder|Fib||161|15|True,q_div_01767_b,0,0,0,0,0,0,0,0,0,1,0
Telangana,Division|2D/3D/4D/5D by 2D with and without remainder|Fib||169|15|True,q_div_80029_b,0,0,0,0,0,0,0,0,0,0,0
Telangana,Division|2D/3D/4D/5D by 2D with and without remainder|Fib||182|13|True,q_div_80025_b,0,0,0,0,0,0,0,0,0,0,0
Telangana,Division|2D/3D/4D/5D by 2D with and without remainder|Fib||200|10|True,q_div_01766_b,0,0,0,0,0,0,0,1,1,0,0
Telangana,Division|2D/3D/4D/5D by 2D with and without remainder|Fib||28644|14|True,q_div_01773_b,0,0,0,0,0,0,0,0,0,0,1
Telangana,Division|2D/3D/4D/5D by 2D with and without remainder|Fib||40|13|True,q_div_01765_b,0,0,0,0,0,0,0,1,0,0,0
Telangana,Division|2D/3D/4D/5D by 2D with and without remainder|Fib||46|13|True,q_div_80028_b,0,0,0,0,0,0,0,0,0,0,0
Telangana,Division|2D/3D/4D/5D by 2D with and without remainder|Fib||47520|11|True,q_div_80026_b,0,0,0,0,0,0,0,1,0,0,0
Telangana,Division|2D/3D/4D/5D by 2D with and without remainder|Fib||52523|15|True,q_div_02640_b,0,0,0,0,0,0,0,0,0,0,1
Telangana,Division|2D/3D/4D/5D by 2D with and without remainder|Fib||5322|14|True,q_div_01769_b,0,0,0,0,0,0,0,0,0,1,0
Telangana,Division|2D/3D/4D/5D by 2D with and without remainder|Fib||53717|15|True,q_div_01774_b,0,0,0,0,0,0,0,0,0,0,0
Telangana,Division|2D/3D/4D/5D by 2D with and without remainder|Fib||5482|10|True,q_div_01768_b,0,0,0,0,0,0,0,0,0,0,0
Telangana,Division|2D/3D/4D/5D by 2D with and without remainder|Fib||5482|11|True,q_div_06005_b2,0,0,0,0,0,0,0,0,0,0,0
Telangana,Division|2D/3D/4D/5D by 2D with and without remainder|Fib||85656|12|True,q_div_80027_b,0,0,0,0,0,0,0,0,0,0,0
Telangana,Division|2D/3D/4D/5D by 2D with and without remainder|Fib||9156|13|True,q_div_02637_b,0,0,0,0,0,0,0,0,0,0,1
Telangana,Division|2D/3D/4D/5D by 2D with and without remainder|Fib||9999|11|True,q_div_02641_b,0,0,0,0,0,0,0,0,0,0,1
Telangana,Division|3D by 1D without remainder|Fib||102|3|True,q_div_01280_b,0,0,0,0,0,0,0,0,1,0,0
Telangana,Division|3D by 1D without remainder|Fib||111|3|True,q_div_80010_b,0,0,0,0,0,0,0,0,0,0,0
Telangana,Division|3D by 1D without remainder|Fib||204|2|True,q_div_01279_b,0,0,0,0,0,0,0,0,1,0,0
Telangana,Division|3D by 1D without remainder|Fib||400|5|True,q_div_01282_b,0,0,0,0,0,0,0,1,1,0,0
Telangana,Division|3D by 1D without remainder|Fib||450|5|True,q_div_80009_b,0,0,0,0,0,0,0,1,0,0,0
Telangana,Division|3D by 1D without remainder|Fib||592|4|True,q_div_01283_b,0,0,0,0,0,0,0,0,0,0,0
Telangana,Division|3D by 1D without remainder|Fib||648|4|True,q_div_01284_b,0,0,0,0,0,0,0,0,0,0,0
Telangana,Division|3D by 1D without remainder|Fib||675|5|True,q_div_02478_b,0,0,0,0,0,0,0,0,0,0,0
Telangana,Division|3D by 1D without remainder|Fib||756|9|False,q_div_02347_b,0,0,0,0,0,0,0,0,0,0,0
Telangana,Division|3D by 1D without remainder|Fib||791|7|False,q_div_02348_b,0,0,0,0,0,0,0,0,0,0,0
Telangana,Division|3D by 1D without remainder|Fib||832|8|True,q_div_01286_b,0,0,0,0,0,0,0,0,0,0,1
Telangana,Division|3D by 1D without remainder|Fib||896|8|True,q_div_80011_b,0,0,0,0,0,0,0,0,0,0,0
Telangana,Division|3D by 1D without remainder|Fib||917|7|False,q_div_02346_b,0,0,0,0,0,0,0,0,0,0,0
Telangana,Division|4D by 1D with and without remainder|Fib||1131|8|True,q_div_02480_b,0,0,0,0,0,0,0,0,0,0,0
Telangana,Division|4D by 1D with and without remainder|Fib||1213|3|True,q_div_01289_b,0,0,0,0,0,0,0,0,0,0,1
Telangana,Division|4D by 1D with and without remainder|Fib||1789|7|True,q_div_01288_b,0,0,0,0,0,0,0,0,0,0,0
Telangana,Division|4D by 1D with and without remainder|Fib||2078|5|True,q_div_02477_b,0,0,0,0,0,0,0,0,1,0,0
Telangana,Division|4D by 1D with and without remainder|Fib||3212|2|True,q_div_06001_b2,0,0,0,0,0,0,0,0,0,0,1
Telangana,Division|4D by 1D with and without remainder|Fib||3747|9|True,q_div_80021_b,0,0,0,0,0,0,0,0,0,0,0
Telangana,Division|4D by 1D with and without remainder|Fib||3850|7|True,q_div_02479_b,0,0,0,0,0,0,0,1,0,0,0
Telangana,Division|4D by 1D with and without remainder|Fib||4682|2|True,q_div_80014_b,0,0,0,0,0,0,0,0,0,0,0
Telangana,Division|4D by 1D with and without remainder|Fib||5649|3|True,q_div_80017_b,0,0,0,0,0,0,0,0,0,0,0
Telangana,Division|4D by 1D with and without remainder|Fib||6003|6|True,q_div_01287_b,0,0,0,0,0,0,0,0,1,0,0
Telangana,Division|4D by 1D with and without remainder|Fib||6012|6|True,q_div_06002_b2,0,0,0,0,0,0,0,0,1,0,0
Telangana,Division|4D by 1D with and without remainder|Fib||6144|3|True,q_div_02482_b,0,0,0,0,0,0,0,0,0,0,1
Telangana,Division|4D by 1D with and without remainder|Fib||6376|8|True,q_div_80016_b,0,0,0,0,0,0,0,0,0,0,0
Telangana,Division|4D by 1D with and without remainder|Fib||7004|6|True,q_div_80019_b,0,0,0,0,0,0,0,0,1,0,0
Telangana,Division|4D by 1D with and without remainder|Fib||7296|6|True,q_div_02481_b,0,0,0,0,0,0,0,0,0,0,0
Telangana,Division|4D by 1D with and without remainder|Fib||8532|7|True,q_div_80020_b,0,0,0,0,0,0,0,0,0,0,0
Telangana,Division|4D by 1D with and without remainder|Fib||8570|5|True,q_div_80018_b,0,0,0,0,0,0,0,1,0,0,0
Telangana,Division|4D by 1D with and without remainder|Fib||9996|4|True,q_div_80015_b,0,0,0,0,0,0,0,0,0,0,0
Telangana,Division|5D by 1D with and without remainder|Fib||11465|6|True,q_div_02535_b,0,0,0,0,0,0,0,0,0,1,0
Telangana,Division|5D by 1D with and without remainder|Fib||11935|5|True,q_div_02536_b,0,0,0,0,0,0,0,0,0,0,0
Telangana,Division|5D by 1D with and without remainder|Fib||15428|9|True,q_div_02642_b,0,0,0,0,0,0,0,0,0,0,0
Telangana,Division|5D by 1D with and without remainder|Fib||28462|2|True,q_div_80022_b,0,0,0,0,0,0,0,0,0,0,0
Telangana,Division|5D by 1D with and without remainder|Fib||28644|3|True,q_div_06003_b2,0,0,0,0,0,0,0,0,0,0,0
Telangana,Division|5D by 1D with and without remainder|Fib||50400|6|True,q_div_02638_b,0,0,0,0,0,0,0,1,1,0,0
Telangana,Division|5D by 1D with and without remainder|Fib||51161|5|True,q_div_06004_b2,0,0,0,0,0,0,0,0,0,0,1
Telangana,Division|5D by 1D with and without remainder|Fib||64296|6|True,q_div_01771_b,0,0,0,0,0,0,0,0,0,0,1
Telangana,Division|5D by 1D with and without remainder|Fib||76540|8|True,q_div_80023_b,0,0,0,0,0,0,0,1,0,0,0
Telangana,Division|5D by 1D with and without remainder|Fib||78309|7|True,q_div_02537_b,0,0,0,0,0,0,0,0,1,0,0
Telangana,Division|5D by 1D with and without remainder|Fib||83818|9|True,q_div_80024_b,0,0,0,0,0,0,0,0,0,0,0
Telangana,Division|5D by 1D with and without remainder|Fib||94721|7|True,q_div_01772_b,0,0,0,0,0,0,0,0,0,0,0
Telangana,Division|Division using Distribution|Fib||10|2|False,q_div_00100_b,0,0,0,0,0,0,0,1,0,0,0
Telangana,Division|Division using Distribution|Fib||10|5|False,q_div_00086_b,0,0,0,0,0,0,0,1,0,0,0
Telangana,Division|Division using Distribution|Fib||12|3|False,q_div_00085_b,0,0,0,0,0,0,0,0,0,0,0
Telangana,Division|Division using Distribution|Fib||12|4|False,q_div_00104_b,0,0,0,0,0,0,0,0,0,0,0
Telangana,Division|Division using Distribution|Fib||15|3|False,q_div_02034_b,0,0,0,0,0,0,0,0,0,0,0
Telangana,Division|Division using Distribution|Fib||15|5|False,q_div_02032_b,0,0,0,0,0,0,0,0,0,0,0
Telangana,Division|Division using Distribution|Fib||16|4|False,q_div_02033_b,0,0,0,0,0,0,0,0,0,0,0
Telangana,Division|Division using Distribution|Fib||2|2|False,q_div_00073_b,0,0,0,0,0,0,0,0,0,0,0
Telangana,Division|Division using Distribution|Fib||5|5|False,q_div_00072_b,0,0,0,0,0,0,0,0,0,0,0
Telangana,Division|Division using Distribution|Fib||6|2|False,q_div_00050_b,0,0,0,0,0,0,0,0,0,0,0
Telangana,Division|Division using Distribution|Fib||6|3|False,q_div_00074_b,0,0,0,0,0,0,0,0,0,0,0
Telangana,Division|Division using Distribution|Fib||8|2|False,q_div_02031_b,0,0,0,0,0,0,0,0,0,0,0
Telangana,Division|Division using Distribution|Fib||8|4|False,q_div_00047_b,0,0,0,0,0,0,0,0,0,0,0
Telangana,Division|Division using Distribution|Fib||9|3|False,q_div_00049_b,0,0,0,0,0,0,0,0,0,0,0
Telangana,Division|Relationship between Multiplication and Division|Fib||14|7|False,q_div_02081_b,0,0,0,0,0,0,0,0,0,0,0
Telangana,Division|Relationship between Multiplication and Division|Fib||16|8|False,q_div_02084_b,0,0,0,0,0,0,0,0,0,0,0
Telangana,Division|Relationship between Multiplication and Division|Fib||18|6|False,q_div_00242_b,0,0,0,0,0,0,0,0,0,0,0
Telangana,Division|Relationship between Multiplication and Division|Fib||18|9|False,q_div_02082_b,0,0,0,0,0,0,0,0,0,0,0
Telangana,Division|Relationship between Multiplication and Division|Fib||27|9|False,q_div_02085_b,0,0,0,0,0,0,0,0,0,0,0
Telangana,Division|Relationship between Multiplication and Division|Fib||28|7|False,q_div_02086_b,0,0,0,0,0,0,0,0,0,0,0
Telangana,Division|Relationship between Multiplication and Division|Fib||32|8|False,q_div_02088_b,0,0,0,0,0,0,0,0,0,0,0
Telangana,Division|Relationship between Multiplication and Division|Fib||40|8|False,q_div_80002_b,0,0,0,0,0,0,0,1,0,0,0
Telangana,Division|Relationship between Multiplication and Division|Fib||42|7|False,q_div_02083_b,0,0,0,0,0,0,0,0,0,0,0
Telangana,Division|Relationship between Multiplication and Division|Fib||48|8|False,q_div_02087_b,0,0,0,0,0,0,0,0,0,0,0
Telangana,Division|Relationship between Multiplication and Division|Fib||4|2|False,q_div_00387_b,0,0,0,0,0,0,0,0,0,0,0
Telangana,Division|Relationship between Multiplication and Division|Fib||7|7|False,q_div_00279_b,0,0,0,0,0,0,0,0,0,0,0
Telangana,Multiplication|2D x 1D|Fib||12|4,q_mul_00824_b,0,0,0,0,0,0,0,0,0,0,0
Telangana,Multiplication|2D x 1D|Fib||23|9,q_mul_0341_b,0,0,0,0,0,0,0,0,0,0,0
Telangana,Multiplication|2D x 1D|Fib||25|3,q_mul_01083_b,0,0,0,0,0,0,0,0,0,0,0
Telangana,Multiplication|2D x 1D|Fib||33|6,q_mul_0248_b,0,0,0,0,0,0,0,0,0,0,0
Telangana,Multiplication|2D x 1D|Fib||34|2,q_mul_80012_b,0,0,0,0,0,0,0,0,0,0,0
Telangana,Multiplication|2D x 1D|Fib||34|5,q_mul_0243_b,0,0,0,0,0,0,0,0,0,0,0
Telangana,Multiplication|2D x 1D|Fib||34|8,q_mul_0241_b,0,0,0,0,0,0,0,0,0,0,0
Telangana,Multiplication|2D x 1D|Fib||40|8,q_mul_00902_b,0,0,0,0,0,0,1,0,0,0,0
Telangana,Multiplication|2D x 1D|Fib||42|5,q_mul_0239_b,0,0,0,0,0,0,0,0,0,0,0
Telangana,Multiplication|2D x 1D|Fib||46|6,q_mul_0245_b,0,0,0,0,0,1,0,0,0,0,0
Telangana,Multiplication|2D x 1D|Fib||53|5,q_mul_0240_b,0,0,0,0,0,1,0,0,0,0,0
Telangana,Multiplication|2D x 1D|Fib||63|3,q_mul_0247_b,0,0,0,0,0,1,0,0,0,0,0
Telangana,Multiplication|2D x 1D|Fib||74|2,q_mul_0339_b,0,0,0,0,0,0,0,0,0,0,0
Telangana,Multiplication|2D x 1D|Fib||83|3,q_mul_0249_b,0,0,0,0,0,1,0,0,0,0,0
Telangana,Multiplication|2D x 1D|Fib||83|9,q_mul_0246_b,0,0,0,0,0,0,0,0,0,0,0
Telangana,Multiplication|2D x 1D|Fib||93|4,q_mul_0244_b,0,0,0,0,0,0,0,0,0,0,0
Telangana,Multiplication|2D x 1D|Fib||93|6,q_mul_0242_b,0,0,0,0,0,0,0,0,0,0,0
Telangana,Multiplication|2D x 1D|Fib||99|9,q_mul_01084_b,0,0,0,0,0,1,0,0,0,0,0
Telangana,Multiplication|2D x 2D|Fib||15|30,q_mul_0344_b,0,0,0,0,0,0,1,0,0,0,0
Telangana,Multiplication|2D x 2D|Fib||19|17,q_mul_0338_b,0,0,0,0,0,0,0,0,0,0,0
Telangana,Multiplication|2D x 2D|Fib||21|37,q_mul_0347_b,0,0,0,0,0,0,0,0,0,0,0
Telangana,Multiplication|2D x 2D|Fib||23|32,q_mul_80013_b,0,0,0,0,0,1,0,0,0,0,0
Telangana,Multiplication|2D x 2D|Fib||23|33,q_mul_0337_b,0,0,0,0,0,1,0,0,0,0,0
Telangana,Multiplication|2D x 2D|Fib||24|13,q_mul_80015_b,0,0,0,0,0,0,0,0,0,0,0
Telangana,Multiplication|2D x 2D|Fib||24|30,q_mul_0349_b,0,0,0,0,0,0,1,0,0,0,0
Telangana,Multiplication|2D x 2D|Fib||28|12,q_mul_0348_b,0,0,0,0,0,1,0,0,0,0,0
Telangana,Multiplication|2D x 2D|Fib||28|15,q_mul_01088_b,0,0,0,0,0,0,0,0,0,0,0
Telangana,Multiplication|2D x 2D|Fib||30|20,q_mul_01085_b,0,0,0,0,0,0,1,0,0,0,0
Telangana,Multiplication|2D x 2D|Fib||31|12,q_mul_01087_b,0,0,0,0,0,0,0,0,0,0,0
Telangana,Multiplication|2D x 2D|Fib||37|23,q_mul_00537_b,0,0,0,0,0,1,0,0,0,0,0
Telangana,Multiplication|2D x 2D|Fib||42|21,q_mul_80014_b,0,0,0,0,0,1,0,0,0,0,0
Telangana,Multiplication|2D x 2D|Fib||43|12,q_mul_0346_b,0,0,0,0,0,0,0,0,0,0,0
Telangana,Multiplication|2D x 2D|Fib||43|16,q_mul_0343_b,0,0,0,0,0,0,0,0,0,0,0
Telangana,Multiplication|2D x 2D|Fib||50|12,q_mul_0340_b,0,0,0,0,0,0,1,0,0,0,0
Telangana,Multiplication|2D x 2D|Fib||50|17,q_mul_01086_b,0,0,0,0,0,0,1,0,0,0,0
Telangana,Multiplication|2D x 2D|Fib||54|18,q_mul_80016_b,0,0,0,0,0,0,0,0,0,0,0
Telangana,Multiplication|2D x 2D|Fib||56|13,q_mul_0345_b,0,0,0,0,0,0,0,0,0,0,0
Telangana,Multiplication|2D x 2D|Fib||65|13,q_mul_01089_b,0,0,0,0,0,0,0,0,0,0,0
Telangana,Multiplication|3D x 1D|Fib||100|3,q_mul_01170_b,0,0,0,0,0,0,1,0,0,0,0
Telangana,Multiplication|3D x 1D|Fib||126|8,q_mul_0500_b,0,0,0,0,0,0,0,0,0,0,0
Telangana,Multiplication|3D x 1D|Fib||207|6,q_mul_0377_b,0,0,0,0,0,0,1,0,0,0,0
Telangana,Multiplication|3D x 1D|Fib||216|5,q_mul_0376_b,0,0,0,0,0,0,0,0,0,0,0
Telangana,Multiplication|3D x 1D|Fib||243|2,q_mul_80017_b,0,0,0,0,0,1,0,0,0,0,0
Telangana,Multiplication|3D x 1D|Fib||274|4,q_mul_0379_b,0,0,0,0,0,1,0,0,0,0,0
Telangana,Multiplication|3D x 1D|Fib||304|7,q_mul_0378_b,0,0,0,0,0,0,1,0,0,0,0
Telangana,Multiplication|3D x 1D|Fib||321|4,q_mul_00329_b,0,0,0,0,0,0,0,0,0,0,0
Telangana,Multiplication|3D x 1D|Fib||392|5,q_mul_0381_b,0,0,0,0,0,0,0,0,0,0,0
Telangana,Multiplication|3D x 1D|Fib||423|7,q_mul_06001_b2,0,0,0,0,0,0,0,0,0,0,0
Telangana,Multiplication|3D x 1D|Fib||503|4,q_mul_0382_b,0,0,0,0,0,0,1,0,0,0,0
Telangana,Multiplication|3D x 1D|Fib||508|3,q_mul_01535_b,0,0,0,0,0,0,1,0,0,0,0
Telangana,Multiplication|3D x 1D|Fib||569|7,q_mul_80018_b,0,0,0,0,0,0,0,0,0,0,0
Telangana,Multiplication|3D x 1D|Fib||643|5,q_mul_0380_b,0,0,0,0,0,0,0,0,0,0,0
Telangana,Multiplication|3D x 2D|Fib||126|19,q_mul_0508_b,0,0,0,0,0,0,0,0,0,0,0
Telangana,Multiplication|3D x 2D|Fib||134|23,q_mul_0503_b,0,0,0,0,0,1,0,0,0,0,0
Telangana,Multiplication|3D x 2D|Fib||143|16,q_mul_0499_b,0,0,0,0,0,0,0,0,0,0,0
Telangana,Multiplication|3D x 2D|Fib||154|24,q_mul_0504_b,0,0,0,0,0,1,0,0,0,0,0
Telangana,Multiplication|3D x 2D|Fib||156|13,q_mul_0502_b,0,0,0,0,0,0,0,0,0,0,0
Telangana,Multiplication|3D x 2D|Fib||157|16,q_mul_0505_b,0,0,0,0,0,0,0,0,0,0,0
Telangana,Multiplication|3D x 2D|Fib||169|37,q_mul_80024_b,0,0,0,0,0,0,0,0,0,0,0
Telangana,Multiplication|3D x 2D|Fib||209|35,q_mul_80021_b,0,0,0,0,0,0,1,0,0,0,0
Telangana,Multiplication|3D x 2D|Fib||213|32,q_mul_80019_b,0,0,0,0,0,1,0,0,0,0,0
Telangana,Multiplication|3D x 2D|Fib||216|34,q_mul_80022_b,0,0,0,0,0,0,0,0,0,0,0
Telangana,Multiplication|3D x 2D|Fib||216|39,q_mul_0507_b,0,0,0,0,0,0,0,0,0,0,0
Telangana,Multiplication|3D x 2D|Fib||230|20,q_mul_01536_b,0,0,0,0,0,1,1,0,0,0,0
Telangana,Multiplication|3D x 2D|Fib||297|28,q_mul_80025_b,0,0,0,0,0,1,0,0,0,0,0
Telangana,Multiplication|3D x 2D|Fib||302|31,q_mul_80020_b,0,0,0,0,0,1,1,0,0,0,0
Telangana,Multiplication|3D x 2D|Fib||309|30,q_mul_0506_b,0,0,0,0,0,1,1,0,0,0,0
Telangana,Multiplication|3D x 2D|Fib||324|25,q_mul_0501_b,0,0,0,0,0,1,0,0,0,0,0
Telangana,Multiplication|3D x 2D|Fib||324|26,q_mul_80023_b,0,0,0,0,0,1,0,0,0,0,0
Telangana,Multiplication|3D x 2D|Fib||393|19,q_mul_01537_b,0,0,0,0,0,1,0,0,0,0,0
Telangana,Multiplication|3D x 2D|Fib||423|12,q_mul_01366_b,0,0,0,0,0,1,0,0,0,0,0
Telangana,Multiplication|3D x 2D|Fib||69|37,q_mul_01534_b,0,0,0,0,0,0,0,0,0,0,0
Telangana,Multiplication|3D x 2D|Fib||91|62,q_mul_01533_b,0,0,0,0,0,0,0,0,0,0,0
Telangana,Multiplication|3D x 3D|Fib||153|306,q_mul_0661_b,0,0,0,0,0,1,1,0,0,0,0
Telangana,Multiplication|3D x 3D|Fib||230|201,q_mul_80033_b,0,0,0,0,0,1,1,0,0,0,0
Telangana,Multiplication|3D x 3D|Fib||232|235,q_mul_0662_b,0,0,0,0,0,1,0,0,0,0,0
Telangana,Multiplication|3D x 3D|Fib||249|348,q_mul_80038_b,0,0,0,0,0,1,0,0,0,0,0
Telangana,Multiplication|3D x 3D|Fib||278|345,q_mul_80037_b,0,0,0,0,0,0,0,0,0,0,0
Telangana,Multiplication|3D x 3D|Fib||312|231,q_mul_80034_b,0,0,0,0,0,1,0,0,0,0,0
Telangana,Multiplication|3D x 3D|Fib||334|285,q_mul_02010_b,0,0,0,0,0,0,0,0,0,0,0
Telangana,Multiplication|3D x 3D|Fib||349|156,q_mul_06006_b2,0,0,0,0,0,0,0,0,0,0,0
Telangana,Multiplication|3D x 3D|Fib||353|235,q_mul_0667_b,0,0,0,0,0,1,0,0,0,0,0
Telangana,Multiplication|3D x 3D|Fib||376|264,q_mul_80039_b,0,0,0,0,0,1,0,0,0,0,0
Telangana,Multiplication|3D x 3D|Fib||456|142,q_mul_80035_b,0,0,0,0,0,1,0,0,0,0,0
Telangana,Multiplication|3D x 3D|Fib||487|205,q_mul_80036_b,0,0,0,0,0,0,1,0,0,0,0
Telangana,Multiplication|3D x 3D|Fib||748|111,q_mul_02009_b,0,0,0,0,0,0,0,0,0,0,0
Telangana,Multiplication|3D x 3D|Fib||842|100,q_mul_02008_b,0,0,0,0,0,0,1,0,0,0,0
Telangana,Multiplication|4D x 2D|Fib||1238|18,q_mul_0666_b,0,0,0,0,0,1,0,0,0,0,0
Telangana,Multiplication|4D x 2D|Fib||1430|47,q_mul_06005_b2,0,0,0,0,0,1,1,0,0,0,0
Telangana,Multiplication|4D x 2D|Fib||1527|35,q_mul_06004_b2,0,0,0,0,0,1,0,0,0,0,0
Telangana,Multiplication|4D x 2D|Fib||1748|56,q_mul_80032_b,0,0,0,0,0,0,0,0,0,0,0
Telangana,Multiplication|4D x 2D|Fib||2012|23,q_mul_80029_b,0,0,0,0,0,1,1,0,0,0,0
Telangana,Multiplication|4D x 2D|Fib||2343|24,q_mul_0663_b,0,0,0,0,0,1,0,0,0,0,0
Telangana,Multiplication|4D x 2D|Fib||238|18,q_mul_0664_b,0,0,0,0,0,1,0,0,0,0,0
Telangana,Multiplication|4D x 2D|Fib||2940|14,q_mul_02006_b,0,0,0,0,0,1,1,0,0,0,0
Telangana,Multiplication|4D x 2D|Fib||2942|14,q_mul_80031_b,0,0,0,0,0,1,0,0,0,0,0
Telangana,Multiplication|4D x 2D|Fib||3004|23,q_mul_0613_b,0,0,0,0,0,1,1,0,0,0,0
Telangana,Multiplication|4D x 2D|Fib||3045|13,q_mul_0615_b,0,0,0,0,0,1,1,0,0,0,0
Telangana,Multiplication|4D x 2D|Fib||3205|19,q_mul_0614_b,0,0,0,0,0,0,1,0,0,0,0
Telangana,Multiplication|4D x 2D|Fib||3243|25,q_mul_0660_b,0,0,0,0,0,1,0,0,0,0,0
Telangana,Multiplication|4D x 2D|Fib||3432|20,q_mul_80030_b,0,0,0,0,0,1,1,0,0,0,0
Telangana,Multiplication|4D x 2D|Fib||3942|23,q_mul_02007_b,0,0,0,0,0,1,0,0,0,0,0
Telangana,Multiplication|4D x 2D|Fib||999|99,q_mul_02003_b,0,0,0,0,0,1,0,0,0,0,0
Telangana,Multiplication|4D/5D x 1D|Fib||10009|8,q_mul_0569_b,0,0,0,0,0,0,1,0,0,0,0
Telangana,Multiplication|4D/5D x 1D|Fib||10056|7,q_mul_0566_b,0,0,0,0,0,0,1,0,0,0,0
Telangana,Multiplication|4D/5D x 1D|Fib||1005|6,q_mul_0565_b,0,0,0,0,0,0,1,0,0,0,0
Telangana,Multiplication|4D/5D x 1D|Fib||10674|6,q_mul_0568_b,0,0,0,0,0,1,1,0,0,0,0
Telangana,Multiplication|4D/5D x 1D|Fib||1087|7,q_mul_0564_b,0,0,0,0,0,1,1,0,0,0,0
Telangana,Multiplication|4D/5D x 1D|Fib||12343|6,q_mul_0665_b,0,0,0,0,0,0,0,0,0,0,0
Telangana,Multiplication|4D/5D x 1D|Fib||14004|5,q_mul_0567_b,0,0,0,0,0,0,1,0,0,0,0
Telangana,Multiplication|4D/5D x 1D|Fib||17091|3,q_mul_06003_b2,0,0,0,0,0,0,1,0,0,0,0
Telangana,Multiplication|4D/5D x 1D|Fib||1999|9,q_mul_06002_b2,0,0,0,0,0,1,0,0,0,0,0
Telangana,Multiplication|4D/5D x 1D|Fib||2001|4,q_mul_80026_b,0,0,0,0,0,0,1,0,0,0,0
Telangana,Multiplication|4D/5D x 1D|Fib||26578|3,q_mul_80028_b,0,0,0,0,0,0,0,0,0,0,0
Telangana,Multiplication|4D/5D x 1D|Fib||30986|2,q_mul_80027_b,0,0,0,0,0,0,1,0,0,0,0
Telangana,Multiplication|4D/5D x 1D|Fib||43142|2,q_mul_02005_b,0,0,0,0,0,1,0,0,0,0,0
Telangana,Multiplication|4D/5D x 1D|Fib||7452|5,q_mul_02004_b,0,0,0,0,0,1,0,0,0,0,0
Telangana,Multiplication|Repeated addition|Fib||2|2,q_mul_00192_b,0,0,0,0,0,1,0,0,0,0,0
Telangana,Multiplication|Repeated addition|Fib||4|4,q_mul_0030_b,0,0,0,0,0,1,0,0,0,0,0
Telangana,Multiplication|Repeated addition|Fib||4|8,q_mul_0031_b,0,0,0,0,0,0,0,0,0,0,0
Telangana,Multiplication|Repeated addition|Fib||5|6,q_mul_00164_b,0,0,0,0,0,0,0,0,0,0,0
Telangana,Multiplication|Repeated addition|Fib||5|9,q_mul_00169_b,0,0,0,0,0,0,0,0,0,0,0
Telangana,Multiplication|Repeated addition|Mcq|2 + 2 + 2 + 2 + 2|0|0,q_mul_80001_b,0,0,0,0,0,0,0,0,0,0,0
Telangana,Multiplication|Repeated addition|Mcq|3 + 3 + 3 + 3 + 3 + 3|0|0,q_mul_80002_b,0,0,0,0,0,0,0,0,0,0,0
Telangana,Multiplication|Repeated addition|Mcq|4 + 4 + 4 + 4 + 4|0|0,q_mul_80003_b,0,0,0,0,0,0,0,0,0,0,0
Telangana,Multiplication|Repeated addition|Mcq|6 x 3|0|0,q_mul_80004_b,0,0,0,0,0,0,0,0,0,0,0
Telangana,Multiplication|Repeated addition|Mcq|7 x 4|0|0,q_mul_80005_b,0,0,0,0,0,0,0,0,0,0,0
Telangana,Multiplication|Tables 1 to 9|Fib||3|3,q_mul_00082_b,0,0,0,0,0,1,0,0,0,0,0
Telangana,Multiplication|Tables 1 to 9|Fib||4|2,q_mul_00604_b,0,0,0,0,0,0,0,0,0,0,0
Telangana,Multiplication|Tables 1 to 9|Fib||6|0,q_mul_00863_b,0,0,0,0,0,0,1,0,0,0,0
Telangana,Multiplication|Tables 1 to 9|Fib||6|3,q_mul_0139_b,0,0,0,0,0,0,0,0,0,0,0
Telangana,Multiplication|Tables 1 to 9|Fib||6|9,q_mul_0144_b,0,0,0,0,0,0,0,0,0,0,0
Telangana,Multiplication|Tables 1 to 9|Fib||7|3,q_mul_0140_b,0,0,0,0,0,0,0,0,0,0,0
Telangana,Multiplication|Tables 1 to 9|Fib||7|6,q_mul_00666_b,0,0,0,0,0,0,0,0,0,0,0
Telangana,Multiplication|Tables 1 to 9|Fib||7|7,q_mul_0142_b,0,0,0,0,0,1,0,0,0,0,0
Telangana,Multiplication|Tables 1 to 9|Fib||8|4,q_mul_00696_b,0,0,0,0,0,0,0,0,0,0,0
Telangana,Multiplication|Tables 1 to 9|Fib||9|8,q_mul_01082_b,0,0,0,0,0,0,0,0,0,0,0
Telangana,"Multiplication|Tables 1, 2 and 5|Fib||2|3",q_mul_80006_b,0,0,0,0,0,0,0,0,0,0,0
Telangana,"Multiplication|Tables 1, 2 and 5|Fib||2|4",q_mul_00079_b,0,0,0,0,0,0,0,0,0,0,0
Telangana,"Multiplication|Tables 1, 2 and 5|Fib||2|6",q_mul_80007_b,0,0,0,0,0,0,0,0,0,0,0
Telangana,"Multiplication|Tables 1, 2 and 5|Fib||2|7",q_mul_00123_b,0,0,0,0,0,0,0,0,0,0,0
Telangana,"Multiplication|Tables 1, 2 and 5|Fib||2|9",q_mul_00130_b,0,0,0,0,0,0,0,0,0,0,0
Telangana,"Multiplication|Tables 1, 2 and 5|Fib||5|3",q_mul_00163_b,0,0,0,0,0,0,0,0,0,0,0
Telangana,"Multiplication|Tables 1, 2 and 5|Fib||5|4",q_mul_80008_b,0,0,0,0,0,0,0,0,0,0,0
Telangana,"Multiplication|Tables 1, 2 and 5|Fib||5|5",q_mul_00171_b,0,0,0,0,0,1,0,0,0,0,0
Telangana,"Multiplication|Tables 1, 2 and 5|Fib||5|7",q_mul_80009_b,0,0,0,0,0,0,0,0,0,0,0
Telangana,"Multiplication|Tables 1, 2 and 5|Fib||5|8",q_mul_80010_b,0,0,0,0,0,0,0,0,0,0,0
Telangana,Subtraction|10 to 19 - 1D|Fib||10|2,q_sub_0137_b,0,0,0,0,0,0,0,0,0,0,0
Telangana,Subtraction|10 to 19 - 1D|Fib||10|3,q_sub_00265_b,0,0,0,0,0,0,0,0,0,0,0
Telangana,Subtraction|10 to 19 - 1D|Fib||11|2,q_sub_03989_b,0,0,0,0,0,0,0,0,0,0,0
Telangana,Subtraction|10 to 19 - 1D|Fib||11|4,q_sub_0143_b,0,0,0,0,0,0,0,0,0,0,0
Telangana,Subtraction|10 to 19 - 1D|Fib||11|5,q_sub_80002_b,0,0,0,0,0,0,0,0,0,0,0
Telangana,Subtraction|10 to 19 - 1D|Fib||11|7,q_sub_0138_b,0,0,0,0,0,0,0,0,0,0,0
Telangana,Subtraction|10 to 19 - 1D|Fib||12|5,q_sub_0135_b,0,0,0,0,0,0,0,0,0,0,0
Telangana,Subtraction|10 to 19 - 1D|Fib||12|6,q_sub_0142_b,0,0,0,0,0,0,0,0,0,0,0
Telangana,Subtraction|10 to 19 - 1D|Fib||12|7,q_sub_06004_b2,0,0,0,0,0,0,0,0,0,0,0
Telangana,Subtraction|10 to 19 - 1D|Fib||12|8,q_sub_00310_b,0,0,0,0,0,0,0,0,0,0,0
Telangana,Subtraction|10 to 19 - 1D|Fib||12|9,q_sub_0139_b,0,0,0,0,0,0,0,0,0,0,0
Telangana,Subtraction|10 to 19 - 1D|Fib||13|5,q_sub_00301_b,0,0,0,0,0,0,0,0,0,0,0
Telangana,Subtraction|10 to 19 - 1D|Fib||14|7,q_sub_00308_b,0,0,0,0,0,0,0,0,0,0,0
Telangana,Subtraction|10 to 19 - 1D|Fib||15|6,q_sub_00288_b,0,0,0,0,0,0,0,0,0,0,0
Telangana,Subtraction|10 to 19 - 1D|Fib||16|7,q_sub_0145_b,0,0,0,0,0,0,0,0,0,0,0
Telangana,Subtraction|10 to 19 - 1D|Fib||16|8,q_sub_0141_b,0,0,0,0,0,0,0,0,0,0,0
Telangana,Subtraction|10 to 19 - 1D|Fib||17|9,q_sub_00306_b,0,0,0,0,0,0,0,0,0,0,0
Telangana,Subtraction|10 to 19 - 1D|Fib||18|9,q_sub_0146_b,0,0,0,0,0,0,0,0,0,0,0
Telangana,Subtraction|1D - 0 to 9|Fib||2|1,q_sub_0072_b,0,0,0,0,0,0,0,0,0,0,0
Telangana,Subtraction|1D - 0 to 9|Fib||3|0,q_sub_0140_b,0,0,1,0,0,0,0,0,0,0,0
Telangana,Subtraction|1D - 0 to 9|Fib||3|1,q_sub_0073_b,0,0,0,0,0,0,0,0,0,0,0
Telangana,Subtraction|1D - 0 to 9|Fib||4|3,q_sub_80001_b,0,0,0,0,0,0,0,0,0,0,0
Telangana,Subtraction|1D - 0 to 9|Fib||4|4,q_sub_0144_b,0,0,0,0,1,0,0,0,0,0,0
Telangana,Subtraction|1D - 0 to 9|Fib||5|0,q_sub_00231_b,0,0,1,0,0,0,0,0,0,0,0
Telangana,Subtraction|1D - 0 to 9|Fib||5|1,q_sub_0079_b,0,0,0,0,0,0,0,0,0,0,0
Telangana,Subtraction|1D - 0 to 9|Fib||6|4,q_sub_03988_b,0,0,0,0,0,0,0,0,0,0,0
Telangana,Subtraction|1D - 0 to 9|Fib||7|4,q_sub_0136_b,0,0,0,0,0,0,0,0,0,0,0
Telangana,Subtraction|1D - 0 to 9|Fib||7|7,q_sub_00228_b,0,0,0,0,1,0,0,0,0,0,0
Telangana,Subtraction|1D - 0 to 9|Fib||8|5,q_sub_00189_b,0,0,0,0,0,0,0,0,0,0,0
Telangana,Subtraction|1D - 0 to 9|Fib||8|7,q_sub_0082_b,0,0,0,0,0,0,0,0,0,0,0
Telangana,Subtraction|1D - 0 to 9|Fib||9|4,q_sub_0074_b,0,0,0,0,0,0,0,0,0,0,0
Telangana,Subtraction|1D - 0 to 9|Fib||9|6,q_sub_00190_b,0,0,0,0,0,0,0,0,0,0,0
Telangana,Subtraction|1D - 1 to 4|Fib||5|3,q_sub_06001_b2,0,0,0,0,0,0,0,0,0,0,0
Telangana,Subtraction|1D - 1 to 4|Fib||7|1,q_sub_06003_b2,0,0,0,0,0,0,0,0,0,0,0
Telangana,Subtraction|1D - 1 to 4|Fib||9|2,q_sub_06002_b2,0,0,0,0,0,0,0,0,0,0,0
Telangana,Subtraction|2-digit Subtraction with borrowing|Fib||43|17,q_sub_03998_b,0,0,0,0,0,0,0,0,0,0,0
Telangana,Subtraction|2-digit Subtraction with borrowing|Fib||50|28,q_sub_04000_b,0,0,0,1,0,0,0,0,0,0,0
Telangana,Subtraction|2-digit Subtraction with borrowing|Fib||51|23,q_sub_0551_b,0,0,0,0,0,0,0,0,0,0,0
Telangana,Subtraction|2-digit Subtraction with borrowing|Fib||54|27,q_sub_0548_b,0,0,0,0,0,0,0,0,0,0,0
Telangana,Subtraction|2-digit Subtraction with borrowing|Fib||54|47,q_sub_80009_b,0,0,0,0,1,0,0,0,0,0,0
Telangana,Subtraction|2-digit Subtraction with borrowing|Fib||68|29,q_sub_0553_b,0,0,0,0,0,0,0,0,0,0,0
Telangana,Subtraction|2-digit Subtraction with borrowing|Fib||68|59,q_sub_80011_b,0,0,0,0,1,0,0,0,0,0,0
Telangana,Subtraction|2-digit Subtraction with borrowing|Fib||75|29,q_sub_80010_b,0,0,0,0,0,0,0,0,0,0,0
Telangana,Subtraction|2-digit Subtraction with borrowing|Fib||76|57,q_sub_0550_b,0,0,0,0,0,0,0,0,0,0,0
Telangana,Subtraction|2-digit Subtraction with borrowing|Fib||85|26,q_sub_0559_b,0,0,0,0,0,0,0,0,0,0,0
Telangana,Subtraction|2-digit Subtraction with borrowing|Fib||90|15,q_sub_0552_b,0,0,0,1,0,0,0,0,0,0,0
Telangana,Subtraction|2-digit Subtraction with borrowing|Fib||91|76,q_sub_03999_b,0,0,0,0,0,0,0,0,0,0,0
Telangana,Subtraction|2-digit Subtraction without borrowing|Fib||19|2,q_sub_0364_b,0,0,0,0,0,0,0,0,0,0,0
Telangana,Subtraction|2-digit Subtraction without borrowing|Fib||19|4,q_sub_03990_b,0,0,0,0,0,0,0,0,0,0,0
Telangana,Subtraction|2-digit Subtraction without borrowing|Fib||25|15,q_sub_0547_b,0,0,0,0,1,0,0,0,0,0,0
Telangana,Subtraction|2-digit Subtraction without borrowing|Fib||26|2,q_sub_0361_b,0,0,0,0,0,0,0,0,0,0,0
Telangana,Subtraction|2-digit Subtraction without borrowing|Fib||36|26,q_sub_0554_b,0,0,0,0,1,0,0,0,0,0,0
Telangana,Subtraction|2-digit Subtraction without borrowing|Fib||37|20,q_sub_80005_b,0,0,1,0,0,0,0,0,0,0,0
Telangana,Subtraction|2-digit Subtraction without borrowing|Fib||38|3,q_sub_0366_b,0,0,0,0,0,0,0,0,0,0,0
Telangana,Subtraction|2-digit Subtraction without borrowing|Fib||40|0,q_sub_0365_b,0,0,0,0,0,0,0,0,0,0,0
Telangana,Subtraction|2-digit Subtraction without borrowing|Fib||42|2,q_sub_0359_b,0,0,0,0,1,0,0,0,0,0,0
Telangana,Subtraction|2-digit Subtraction without borrowing|Fib||54|3,q_sub_0358_b,0,0,0,0,0,0,0,0,0,0,0
Telangana,Subtraction|2-digit Subtraction without borrowing|Fib||56|0,q_sub_0355_b,0,0,1,0,0,0,0,0,0,0,0
Telangana,Subtraction|2-digit Subtraction without borrowing|Fib||58|1,q_sub_0363_b,0,0,0,0,0,0,0,0,0,0,0
Telangana,Subtraction|2-digit Subtraction without borrowing|Fib||59|0,q_sub_03991_b,0,0,1,0,0,0,0,0,0,0,0
Telangana,Subtraction|2-digit Subtraction without borrowing|Fib||60|10,q_sub_01222_b,0,0,0,0,0,0,0,0,0,0,0
Telangana,Subtraction|2-digit Subtraction without borrowing|Fib||62|1,q_sub_0353_b,0,0,0,0,0,0,0,0,0,0,0
Telangana,Subtraction|2-digit Subtraction without borrowing|Fib||63|2,q_sub_0354_b,0,0,0,0,0,0,0,0,0,0,0
Telangana,Subtraction|2-digit Subtraction without borrowing|Fib||63|21,q_sub_0557_b,0,0,0,0,0,0,0,0,0,0,0
Telangana,Subtraction|2-digit Subtraction without borrowing|Fib||73|3,q_sub_0362_b,0,0,0,0,1,0,0,0,0,0,0
Telangana,Subtraction|2-digit Subtraction without borrowing|Fib||87|45,q_sub_80007_b,0,0,0,0,0,0,0,0,0,0,0
Telangana,Subtraction|2-digit Subtraction without borrowing|Fib||88|11,q_sub_03994_b,0,0,0,0,0,0,0,0,0,0,0
Telangana,Subtraction|2-digit Subtraction without borrowing|Fib||91|1,q_sub_0360_b,0,0,0,0,1,0,0,0,0,0,0
Telangana,Subtraction|2-digit Subtraction without borrowing|Fib||93|23,q_sub_03993_b,0,0,0,0,1,0,0,0,0,0,0
Telangana,Subtraction|2-digit Subtraction without borrowing|Fib||95|42,q_sub_80006_b,0,0,0,0,0,0,0,0,0,0,0
Telangana,Subtraction|2-digit Subtraction without borrowing|Fib||96|6,q_sub_03992_b,0,0,0,0,1,0,0,0,0,0,0
Telangana,Subtraction|3-digit Subtraction with borrowing|Fib||100|7,q_sub_0928_b,0,0,0,1,0,0,0,0,0,0,0
Telangana,Subtraction|3-digit Subtraction with borrowing|Fib||105|78,q_sub_0925_b,0,0,0,0,0,0,0,0,0,0,0
Telangana,Subtraction|3-digit Subtraction with borrowing|Fib||170|58,q_sub_0922_b,0,0,0,1,0,0,0,0,0,0,0
Telangana,Subtraction|3-digit Subtraction with borrowing|Fib||180|68,q_sub_04007_b,0,0,0,1,0,0,0,0,0,0,0
Telangana,Subtraction|3-digit Subtraction with borrowing|Fib||185|78,q_sub_0913_b,0,0,0,0,1,0,0,0,0,0,0
Telangana,Subtraction|3-digit Subtraction with borrowing|Fib||200|147,q_sub_0919_b,0,0,0,1,1,0,0,0,0,0,0
Telangana,Subtraction|3-digit Subtraction with borrowing|Fib||300|145,q_sub_0926_b,0,0,0,1,0,0,0,0,0,0,0
Telangana,Subtraction|3-digit Subtraction with borrowing|Fib||312|64,q_sub_80016_b,0,0,0,1,0,0,0,0,0,0,0
Telangana,Subtraction|3-digit Subtraction with borrowing|Fib||424|315,q_sub_80017_b,0,0,0,0,1,0,0,0,0,0,0
Telangana,Subtraction|3-digit Subtraction with borrowing|Fib||472|138,q_sub_0912_b,0,0,0,0,0,0,0,0,0,0,0
Telangana,Subtraction|3-digit Subtraction with borrowing|Fib||551|9,q_sub_04006_b,0,0,0,0,0,0,0,0,0,0,0
Telangana,Subtraction|3-digit Subtraction with borrowing|Fib||584|88,q_sub_04009_b,0,0,0,0,0,0,0,0,0,0,0
Telangana,Subtraction|3-digit Subtraction with borrowing|Fib||601|518,q_sub_04011_b,0,0,0,0,1,0,0,0,0,0,0
Telangana,Subtraction|3-digit Subtraction with borrowing|Fib||624|183,q_sub_0914_b,0,0,0,0,0,0,0,0,0,0,0
Telangana,Subtraction|3-digit Subtraction with borrowing|Fib||637|389,q_sub_0923_b,0,0,0,0,0,0,0,0,0,0,0
Telangana,Subtraction|3-digit Subtraction with borrowing|Fib||703|74,q_sub_04010_b,0,0,0,0,0,0,0,0,0,0,0
Telangana,Subtraction|3-digit Subtraction with borrowing|Fib||800|7,q_sub_80015_b,0,0,0,1,0,0,0,0,0,0,0
Telangana,Subtraction|3-digit Subtraction with borrowing|Fib||864|45,q_sub_04008_b,0,0,0,0,0,0,0,0,0,0,0
Telangana,Subtraction|3-digit Subtraction with borrowing|Fib||872|58,q_sub_04005_b,0,0,0,0,0,0,0,0,0,0,0
Telangana,Subtraction|3-digit Subtraction with borrowing|Fib||935|167,q_sub_04012_b,0,0,0,0,0,0,0,0,0,0,0
Telangana,Subtraction|3-digit Subtraction with borrowing|Fib||952|684,q_sub_0920_b,0,0,0,0,0,0,0,0,0,0,0
Telangana,Subtraction|3-digit Subtraction without borrowing|Fib||234|110,q_sub_0657_b,0,0,1,0,0,0,0,0,0,0,0
Telangana,Subtraction|3-digit Subtraction without borrowing|Fib||281|181,q_sub_0921_b,0,0,0,0,1,0,0,0,0,0,0
Telangana,Subtraction|3-digit Subtraction without borrowing|Fib||288|280,q_sub_0659_b,0,0,1,0,1,0,0,0,0,0,0
Telangana,Subtraction|3-digit Subtraction without borrowing|Fib||322|322,q_sub_0658_b,0,0,0,0,1,0,0,0,0,0,0
Telangana,Subtraction|3-digit Subtraction without borrowing|Fib||359|102,q_sub_80013_b,0,0,1,0,0,0,0,0,0,0,0
Telangana,Subtraction|3-digit Subtraction without borrowing|Fib||445|404,q_sub_04003_b,0,0,1,0,1,0,0,0,0,0,0
Telangana,Subtraction|3-digit Subtraction without borrowing|Fib||457|234,q_sub_80012_b,0,0,0,0,0,0,0,0,0,0,0
Telangana,Subtraction|3-digit Subtraction without borrowing|Fib||489|123,q_sub_0924_b,0,0,0,0,0,0,0,0,0,0,0
Telangana,Subtraction|3-digit Subtraction without borrowing|Fib||548|246,q_sub_80014_b,0,0,0,0,1,0,0,0,0,0,0
Telangana,Subtraction|3-digit Subtraction without borrowing|Fib||560|60,q_sub_0655_b,0,0,0,0,1,0,0,0,0,0,0
Telangana,Subtraction|3-digit Subtraction without borrowing|Fib||606|2,q_sub_04001_b,0,0,0,0,0,0,0,0,0,0,0
Telangana,Subtraction|3-digit Subtraction without borrowing|Fib||618|17,q_sub_04002_b,0,0,0,0,1,0,0,0,0,0,0
Telangana,Subtraction|3-digit Subtraction without borrowing|Fib||677|3,q_sub_0662_b,0,0,0,0,0,0,0,0,0,0,0
Telangana,Subtraction|3-digit Subtraction without borrowing|Fib||709|709,q_sub_04004_b,0,0,0,0,1,0,0,0,0,0,0
Telangana,Subtraction|3-digit Subtraction without borrowing|Fib||777|767,q_sub_0660_b,0,0,0,0,1,0,0,0,0,0,0
Telangana,Subtraction|3-digit Subtraction without borrowing|Fib||874|50,q_sub_0656_b,0,0,1,0,0,0,0,0,0,0,0
Telangana,Subtraction|3-digit Subtraction without borrowing|Fib||888|5,q_sub_0654_b,0,0,0,0,0,0,0,0,0,0,0
Telangana,Subtraction|3-digit Subtraction without borrowing|Fib||900|800,q_sub_0927_b,0,0,0,0,0,0,0,0,0,0,0
Telangana,Subtraction|3-digit Subtraction without borrowing|Fib||922|11,q_sub_0929_b,0,0,0,0,0,0,0,0,0,0,0
Telangana,Subtraction|3-digit Subtraction without borrowing|Fib||949|929,q_sub_0661_b,0,0,0,0,1,0,0,0,0,0,0
Telangana,Subtraction|4-digit Subtraction with borrowing|Fib||1008|989,q_sub_1272_b,0,0,0,0,1,0,0,0,0,0,0
Telangana,Subtraction|4-digit Subtraction with borrowing|Fib||2352|1844,q_sub_04021_b,0,0,0,0,1,0,0,0,0,0,0
Telangana,Subtraction|4-digit Subtraction with borrowing|Fib||2374|1423,q_sub_1275_b,0,0,0,0,1,0,0,0,0,0,0
Telangana,Subtraction|4-digit Subtraction with borrowing|Fib||3000|654,q_sub_1277_b,0,0,0,1,0,0,0,0,0,0,0
Telangana,Subtraction|4-digit Subtraction with borrowing|Fib||3313|713,q_sub_04017_b,0,0,0,0,1,0,0,0,0,0,0
Telangana,Subtraction|4-digit Subtraction with borrowing|Fib||4001|234,q_sub_1271_b,0,0,0,0,0,0,0,0,0,0,0
Telangana,Subtraction|4-digit Subtraction with borrowing|Fib||4090|2442,q_sub_04020_b,0,0,0,1,0,0,0,0,0,0,0
Telangana,Subtraction|4-digit Subtraction with borrowing|Fib||5000|1,q_sub_04022_b,0,0,0,1,0,0,0,0,0,0,0
Telangana,Subtraction|4-digit Subtraction with borrowing|Fib||6006|97,q_sub_04023_b,0,0,0,0,1,0,0,0,0,0,0
Telangana,Subtraction|4-digit Subtraction with borrowing|Fib||6205|89,q_sub_1278_b,0,0,0,0,0,0,0,0,0,0,0
Telangana,Subtraction|4-digit Subtraction with borrowing|Fib||6735|45,q_sub_04016_b,0,0,0,0,1,0,0,0,0,0,0
Telangana,Subtraction|4-digit Subtraction with borrowing|Fib||7092|27,q_sub_04015_b,0,0,0,0,0,0,0,0,0,0,0
Telangana,Subtraction|4-digit Subtraction with borrowing|Fib||8000|4342,q_sub_1273_b,0,0,0,1,0,0,0,0,0,0,0
Telangana,Subtraction|4-digit Subtraction with borrowing|Fib||8102|6,q_sub_04019_b,0,0,0,0,0,0,0,0,0,0,0
Telangana,Subtraction|4-digit Subtraction with borrowing|Fib||9007|1009,q_sub_1274_b,0,0,0,0,0,0,0,0,0,0,0
Telangana,Subtraction|4-digit Subtraction with borrowing|Fib||9090|1393,q_sub_1276_b,0,0,0,1,0,0,0,0,0,0,0
Telangana,Subtraction|4-digit Subtraction with borrowing|Fib||9175|5205,q_sub_04018_b,0,0,1,0,1,0,0,0,0,0,0
Telangana,Subtraction|4-digit Subtraction with borrowing|Fib||9178|5205,q_sub_80023_b,0,0,1,0,0,0,0,0,0,0,0
Telangana,Subtraction|4-digit Subtraction with borrowing|Fib||9584|899,q_sub_04024_b,0,0,0,0,0,0,0,0,0,0,0
Telangana,Subtraction|4-digit Subtraction without borrowing|Fib||3000|3000,q_sub_0969_b,0,0,0,0,1,0,0,0,0,0,0
Telangana,Subtraction|4-digit Subtraction without borrowing|Fib||3986|2384,q_sub_80022_b,0,0,0,0,1,0,0,0,0,0,0
Telangana,Subtraction|4-digit Subtraction without borrowing|Fib||4289|2,q_sub_0964_b,0,0,0,0,0,0,0,0,0,0,0
Telangana,Subtraction|4-digit Subtraction without borrowing|Fib||4786|26,q_sub_80019_b,0,0,0,0,1,0,0,0,0,0,0
Telangana,Subtraction|4-digit Subtraction without borrowing|Fib||4838|3808,q_sub_0967_b,0,0,1,0,1,0,0,0,0,0,0
Telangana,Subtraction|4-digit Subtraction without borrowing|Fib||5365|0,q_sub_04013_b,0,0,1,0,0,0,0,0,0,0,0
Telangana,Subtraction|4-digit Subtraction without borrowing|Fib||5365|3,q_sub_80018_b,0,0,0,0,0,0,0,0,0,0,0
Telangana,Subtraction|4-digit Subtraction without borrowing|Fib||5365|4,q_sub_06007_b2,0,0,0,0,0,0,0,0,0,0,0
Telangana,Subtraction|4-digit Subtraction without borrowing|Fib||6735|414,q_sub_06006_b2,0,0,0,0,0,0,0,0,0,0,0
Telangana,Subtraction|4-digit Subtraction without borrowing|Fib||7092|22,q_sub_06005_b2,0,0,0,0,1,0,0,0,0,0,0
Telangana,Subtraction|4-digit Subtraction without borrowing|Fib||8476|345,q_sub_80020_b,0,0,0,0,0,0,0,0,0,0,0
Telangana,Subtraction|4-digit Subtraction without borrowing|Fib||8922|2222,q_sub_0968_b,0,0,0,0,1,0,0,0,0,0,0
Telangana,Subtraction|4-digit Subtraction without borrowing|Fib||9825|8014,q_sub_80021_b,0,0,1,0,0,0,0,0,0,0,0
Telangana,Subtraction|4-digit Subtraction without borrowing|Fib||9825|8024,q_sub_04014_b,0,0,1,0,1,0,0,0,0,0,0
Telangana,Subtraction|4-digit Subtraction without borrowing|Fib||9926|513,q_sub_0965_b,0,0,0,0,0,0,0,0,0,0,0
Telangana,Subtraction|4-digit Subtraction without borrowing|Fib||9954|8804,q_sub_0966_b,0,0,1,0,1,0,0,0,0,0,0
Telangana,Subtraction|5-digit Subtraction with borrowing|Fib||10000|9,q_sub_04036_b,0,0,0,1,0,0,0,0,0,0,0
Telangana,Subtraction|5-digit Subtraction with borrowing|Fib||27194|19900,q_sub_1603_b,0,0,1,0,1,0,0,0,0,0,0
Telangana,Subtraction|5-digit Subtraction with borrowing|Fib||27763|6183,q_sub_80028_b,0,0,0,0,1,0,0,0,0,0,0
Telangana,Subtraction|5-digit Subtraction with borrowing|Fib||27766|6183,q_sub_04027_b,0,0,0,0,0,0,0,0,0,0,0
Telangana,Subtraction|5-digit Subtraction with borrowing|Fib||30030|27338,q_sub_1606_b,0,0,0,1,1,0,0,0,0,0,0
Telangana,Subtraction|5-digit Subtraction with borrowing|Fib||34078|96,q_sub_1602_b,0,0,0,0,0,0,0,0,0,0,0
Telangana,Subtraction|5-digit Subtraction with borrowing|Fib||38321|24007,q_sub_04028_b,0,0,1,0,0,0,0,0,0,0,0
Telangana,Subtraction|5-digit Subtraction with borrowing|Fib||42076|93,q_sub_1604_b,0,0,0,0,0,0,0,0,0,0,0
Telangana,Subtraction|5-digit Subtraction with borrowing|Fib||45689|29811,q_sub_1590_b,0,0,0,0,0,0,0,0,0,0,0
Telangana,Subtraction|5-digit Subtraction with borrowing|Fib||49438|9,q_sub_1605_b,0,0,0,0,0,0,0,0,0,0,0
Telangana,Subtraction|5-digit Subtraction with borrowing|Fib||50008|9,q_sub_1597_b,0,0,0,0,0,0,0,0,0,0,0
Telangana,Subtraction|5-digit Subtraction with borrowing|Fib||54785|36859,q_sub_04034_b,0,0,0,0,0,0,0,0,0,0,0
Telangana,Subtraction|5-digit Subtraction with borrowing|Fib||55291|6833,q_sub_04033_b,0,0,0,0,0,0,0,0,0,0,0
Telangana,Subtraction|5-digit Subtraction with borrowing|Fib||60023|8211,q_sub_1596_b,0,0,0,1,0,0,0,0,0,0,0
Telangana,Subtraction|5-digit Subtraction with borrowing|Fib||64320|995,q_sub_04032_b,0,0,0,1,0,0,0,0,0,0,0
Telangana,Subtraction|5-digit Subtraction with borrowing|Fib||65004|2916,q_sub_1592_b,0,0,0,0,1,0,0,0,0,0,0
Telangana,Subtraction|5-digit Subtraction with borrowing|Fib||65415|37448,q_sub_04035_b,0,0,0,1,0,0,0,0,0,0,0
Telangana,Subtraction|5-digit Subtraction with borrowing|Fib||65488|91,q_sub_1600_b,0,0,0,0,0,0,0,0,0,0,0
Telangana,Subtraction|5-digit Subtraction with borrowing|Fib||71016|50,q_sub_04029_b,0,0,1,0,0,0,0,0,0,0,0
Telangana,Subtraction|5-digit Subtraction with borrowing|Fib||80000|78999,q_sub_1591_b,0,0,0,1,1,0,0,0,0,0,0
Telangana,Subtraction|5-digit Subtraction with borrowing|Fib||82336|23292,q_sub_04031_b,0,0,0,0,1,0,0,0,0,0,0
Telangana,Subtraction|5-digit Subtraction with borrowing|Fib||82336|23296,q_sub_80029_b,0,0,0,0,1,0,0,0,0,0,0
Telangana,Subtraction|5-digit Subtraction with borrowing|Fib||85680|937,q_sub_04030_b,0,0,0,1,0,0,0,0,0,0,0
Telangana,Subtraction|5-digit Subtraction with borrowing|Fib||90008|38344,q_sub_1607_b,0,0,0,1,0,0,0,0,0,0,0
Telangana,Subtraction|5-digit Subtraction with borrowing|Fib||90104|3282,q_sub_1589_b,0,0,0,1,0,0,0,0,0,0,0
Telangana,Subtraction|5-digit Subtraction with borrowing|Fib||96105|7,q_sub_1595_b,0,0,0,0,0,0,0,0,0,0,0
Telangana,Subtraction|5-digit Subtraction without borrowing|Fib||13478|70,q_sub_1305_b,0,0,1,0,1,0,0,0,0,0,0
Telangana,Subtraction|5-digit Subtraction without borrowing|Fib||23789|12709,q_sub_1593_b,0,0,1,0,1,0,0,0,0,0,0
Telangana,Subtraction|5-digit Subtraction without borrowing|Fib||27766|21613,q_sub_06009_b2,0,0,0,0,1,0,0,0,0,0,0
Telangana,Subtraction|5-digit Subtraction without borrowing|Fib||35782|23451,q_sub_80027_b,0,0,0,0,0,0,0,0,0,0,0
Telangana,Subtraction|5-digit Subtraction without borrowing|Fib||47779|4326,q_sub_04026_b,0,0,0,0,0,0,0,0,0,0,0
Telangana,Subtraction|5-digit Subtraction without borrowing|Fib||48330|38300,q_sub_1310_b,0,0,1,0,1,0,0,0,0,0,0
Telangana,Subtraction|5-digit Subtraction without borrowing|Fib||48762|34612,q_sub_80026_b,0,0,0,0,1,0,0,0,0,0,0
Telangana,Subtraction|5-digit Subtraction without borrowing|Fib||56316|106,q_sub_04025_b,0,0,1,0,1,0,0,0,0,0,0
Telangana,Subtraction|5-digit Subtraction without borrowing|Fib||56318|106,q_sub_80025_b,0,0,1,0,0,0,0,0,0,0,0
Telangana,Subtraction|5-digit Subtraction without borrowing|Fib||59763|53,q_sub_80024_b,0,0,0,0,1,0,0,0,0,0,0
Telangana,Subtraction|5-digit Subtraction without borrowing|Fib||65328|3216,q_sub_1599_b,0,0,0,0,0,0,0,0,0,0,0
Telangana,Subtraction|5-digit Subtraction without borrowing|Fib||71061|50,q_sub_06008_b2,0,0,1,0,0,0,0,0,0,0,0
Telangana,Subtraction|5-digit Subtraction without borrowing|Fib||74369|13224,q_sub_1308_b,0,0,0,0,0,0,0,0,0,0,0
Telangana,Subtraction|5-digit Subtraction without borrowing|Fib||78563|4232,q_sub_1307_b,0,0,0,0,0,0,0,0,0,0,0
Telangana,Subtraction|5-digit Subtraction without borrowing|Fib||79584|79584,q_sub_1608_b,0,0,0,0,1,0,0,0,0,0,0
Telangana,Subtraction|5-digit Subtraction without borrowing|Fib||83167|115,q_sub_1306_b,0,0,0,0,1,0,0,0,0,0,0
Telangana,Subtraction|5-digit Subtraction without borrowing|Fib||83383|83383,q_sub_1598_b,0,0,0,0,1,0,0,0,0,0,0
Telangana,Subtraction|5-digit Subtraction without borrowing|Fib||85679|9,q_sub_1304_b,0,0,0,0,1,0,0,0,0,0,0
Telangana,Subtraction|5-digit Subtraction without borrowing|Fib||94438|13231,q_sub_1594_b,0,0,0,0,1,0,0,0,0,0,0
Telangana,Subtraction|5-digit Subtraction without borrowing|Fib||94584|83484,q_sub_1309_b,0,0,0,0,1,0,0,0,0,0,0
